artist,spotify_id
Пётр Ильич Чайковский,3MKCzCnpzw3TjUYs2v7vDA
Игорь Фёдорович Стравинский,7ie36YytMoKtPiL7tUvmoE
Сергей Сергеевич Прокофьев,4kHtgiRnpmFIV5Tm4BIs8l
Сергей Васильевич Рахманинов,0Kekt6CKSo0m5mivKcoH51
sonnov,4IkCc7GOwW71tpFVkAhmwC
Дмитрий Дмитриевич Шостакович,6s1pCNXcbdtQJlsnM1hRIA
Модест Петрович Мусоргский,284mnx33IWcymQEpMxyfHl
Александр Николаевич Скрябин,6nZiWg5ZB511S24WmB7TCV
Николай Андреевич Римский‐Корсаков,2kXJ68O899XvWOBdpzlXgs
Святослав Рихтер,4hBgCK8FyJ5bV36ZZLB56X
Senmuth,61Oq49nPScUCDWYAdAdgM1
Аквариум,3nAumcukmBxn8y7Su8RagW
Академический ансамбль песни и пляски Российской Армии имени А. В. Александрова,4yNluGAiPbYXLwlA9KspbG
Blank Embrace,3GCsrA9wcNYZd34vPZ5BN0
Гражданская оборона,7M6ERyNXeDalOonDdWWd6I
Алиса,5ggxe6RGD8zHfaCbwTdtw5
Александр Порфирьевич Бородин,34MYamymtmnsmpwbqydd7I
Александр Константинович Глазунов,78t7WfwhjZLkDHN5QKwS5u
Машина времени,3OCZhm9zNElyNJNrwG9pC4
Алла Пугачёва,7lyhSLlB5fWJmU5eB6k84L
Би-2,3SXDCIdqI1AR686ukKtKCq
Эдуард Артемьев,097u8n1F4JjTzmOR9VUVEK
t.A.T.u.,2Q3eZMfDQgT8MhPowKFXYO
Мумий Тролль,6rY1h3kpqbTquyR3qYWo08
Филипп Киркоров,3ANNnVJ7NCdIZV6P2YzvlI
Ленинград,2a3EJeQjcAelthFGr5bzQC
ДДТ,0YCqg8X5gx0MremW64Ud1h
Виктор Цой,4dngB44yGo3ErubxhE1bUW
Александр Розенбаум,6GO0U13OFE0XntmksjZ4PY
Noize MC,69v4ZOOomf1TNp59YYB1j7
Король и Шут,0qc4X567Fs1DUbQ7bS2XSJ
from tokyo to honolulu,593hETI5c2Yhcc0Tmdeq3z
Пикник,625pLI6ukICVgPMaZZ9QVX
Валерий Гергиев,2LxnoYPOe0FCLC82R3xgO2
Nautilus Pompilius,3tYzkTZtYt5dGBSrAnWpX0
Государственный академический симфонический оркестр России,1DMt4oqEDfdHBeoH3BD0bk
Слот,7KL1hFrC40EHZZt121PDV8
Чайф,2Ktp0aQBfLtTqUE1p3CwUr
Тараканы!,3OZMcYBFNSr0ztFd82aJK9
Григорий Лепс,2eLrVxwm6t4QeaORq5w8VW
Ночные Снайперы,2GUwb2rxMKePzxDi94EEoZ
Николай Карлович Метнер,1Ut6lBfgWMEoQZcHw0N6Ca
Евгений Фёдорович Светланов,1xfayCGnoPqO2Wh3Y27IgG
Калинов мост,0FljFr1aDZG9SOHl4UDExF
Messer Chups,756Li3sKcK4EdDiniLPqRl
Руки вверх!,0T6ncGHAiGQ4LhbiUJAasn
ARTY,1rSGNXhhYuWoq9BEz5DZGO
Михаил Иванович Глинка,1GEuHbNwTRj4QPyoythtBh
Любэ,4Z2QXZRqTdguBQrM8pr4eD
Валерия,3KYkCbCf8S3RDAtFoBT3qW
Валерий Леонтьев,5v3o1cxdSAATA5avCi1JA9
Кристина Орбакайте,4OirY5ecghWqzLcH0BI40o
Сектор Газа,7flDXGHrBtY2UNR9wyknKY
Земфира,6oO3QiWdVj5FZQwbdRtsRh
Мстислав Ростропович,50hiYMhi0g77BOkkQ4zebB
Eguana,2nYWhMzt3fDNNW0cwPIw7V
Шмели,4OXVjz9BARB2MwT6sdx8JE
Геннадий Николаевич Рождественский,7sjMk07ASNAAPVXoag7sGO
Дельфин,2pktDyTJxrLJo7dL2qT1pA
Булат Окуджава,0ZahzpqsK9YXqiThUYRcx5
Аркона,6AJ9HQ2Ptp1WWEfBFvR5fF
Валентина Толкунова,2YJ5x6mV8bxltvURCvFOkD
AstroPilot,2z658O7sY52T18CIOqUcws
Михаил Плетнёв,2YdRnOqBXCl9g8xCLcGh8C
Большой симфонический оркестр имени П. И. Чайковского,0QmRkzsD26NuUtPnEzlcaf
Антон Григорьевич Рубинштейн,01ngcjkCXOFGBB3UVG3saM
Distemper,73KPvw0VFDPbhS63pEqEXQ
Леонид Агутин,3OBELtlkijaKfWgw1JHryW
Ольга Арефьева и группа «Ковчег»,44UIUIvJMwH7jIsrFIPO7J
Heavenchord,0N1G1lizxkv4jmvMkg0n5X
Валерий Меладзе,2igtm1MhKEpmG3PzToJT40
Thomas de Hartmann,7jqkUMjqGY2FfZRUirtKdo
Сергей Лазарев,69GGH3fqk8waBkpDJ5C2mK
Николай Яковлевич Мясковский,07yD267mZTiHoptqdYd5mc
Линда,4Q72w3Y5FXJCzN5ehkoqLj
4 Позиции Бруно,3LYuTbSiiH7BQIejaszE18
Евгений Кисин,71kYWgqr6eHLOZj6u3JTuJ
София Асгатовна Губайдулина,2xcUqNAHTLVnHeK0YLA9IO
Андрей Макаревич,4vublvsxLvJXGY1lRXitR1
Mage,0q7PuJHIkWuHiHezAQFB6u
Татьяна Буланова,2Agn1HUbcTPcPHwy7WAfHs
Ногу свело!,6EwC0Bw0mA6AZPVnmT8xzf
SEREBRO,1Ulwacsns9Me7dz4OVwkiQ
Moonbeam,3QiHmFCzfmjt1XDPSdRh0D
Slim,0Etr2CvTxXjbeZ55CLmAF6
Ани Лорак,1J9vlx72A2T3kbRckBu04o
Animal ДжаZ,5qG2J0qnQEu26oybRztt0H
Константин Александрович Щербаков,6f4LXqcGifD364sFBKFfoN
Electrosoul System,0tSNYelLMRA52oDWmw5eU3
Антон Степанович Аренский,2DLKrW0pn180nOIjUWlTjm
Александр Маршал,3Jh8Cq8Y3fmEgmg6qfpSWH
П.Т.В.П.,3lWr0BTSW10qY5fajZjKSK
Анжелика Варум,0cdCzBqjiIW3YATUIWtMQM
Баста,7as5DY4Rz9jac9tgoTrj9H
Михаил Шуфутинский,3Ar1W7H096Z6qSGBMmwSmO
Free Flow Flava,7BvLgunXTcIAkE1uWNbbwQ
Егор Летов,6yzTAtRHzB5xxcV0z9Debk
Алексей Айги,5LaWJYIJaRFtx0HbieOTE5
ППК,6kGGvTWOWaF26tZF5hy19z
Theodor Bastard,2PQ9UX4kWDE3mf2fYGRzqF
Милий Алексеевич Балакирев,2V5Fnwup32wFPAtMi2vmXq
Bebopovsky and The Orkestry Podyezdov,2Z2b7EOka1K9IL0Xeu2SWr
МакSим,0skU3bkFwP0sFmUIb03q82
XS Project,7FSj8kD4474FKP2gYjZPos
Tequilajazzz,3sN81ks9n7Qaf3yfzSWRZs
Смысловые галлюцинации,45HIeH1OpaQDBptDhcKrMo
Wintaar,1qxhLd8dGrxyitUkJ6o7B7
Рейнгольд Морицевич Глиэр,2wk53EBcWhriq03tl5nDYV
Каста,7C9GAYo8fgm7BlTGWbazeJ
Найк Борзов,6Y00vC4OI2oTt5ClApQXun
REFLEX,0pRJEFIZ15zsikL0PML84H
Юрий Антонов,3kYUnPkuC2xCH8ybWZ19Ky
Billy’s Band,0lsP48pYd6v6VV9Vvq9S1R
Starfounder,2qQFgIF9W8D18qHM6MnFKv
Русский размер,4gWwmEIuZFUTKMuYpGwgwg
Louna,2OhFv0nL7QXOWMYXPoLEP8
Ёлка,1PAvmfu0TKYSVVWGl3uJNC
Алсу,5AcAxnSYc5RNLA6Iy3dZxD
R.K.B. Studio 13,1rLxvdDJaAqvoaAzW1Xofj
Валерий Кузьмич Полянский,1x14jaR5xQ4RkVlYN48OlY
Российский национальный оркестр,1W3sZMluDmealiI6B5awE9
Слава КПСС,7fMhppMTr3ElTOEJqSbkEq
Dissident,0u180HZagiaaEsFddBIcGz
Евгений Александрович Мравинский,4zTLWXKKwDRzs2AOMkwll3
Бахыт-Компот,1chh3vtmlyt0mHAdY45Gik
ViRUS,0JkZx7iuwTKctFuJABtYuf
Sainkho Namtchylak,1OO8Vfq4oSKINYSaCsaFEf
Bobina,7H63wD8xWXAKdYVjZmE90B
Ирина Аллегрова,1Zb7mgt9TRL16FhZa6qhXf
Кирпичи,6inToLzPvkQN3AcOTGWHm0
Enei,6X3QjCYg5HcTwO5FPVQj0J
Лолита,5JdGGCCPo07UPcbg27cQXT
Николай Басков,4nYZNEXPtBwNKziFPalk9h
Dominia,6VStmfr3fOFBa6dCg1760y
Chronos,09tuzWoYnQOSPDJiko7BGh
Анатолий Константинович Лядов,7t5qhn89RAzTepqZBB4uob
Сергей Танеев,2xBVpJeox4UCMybat7LT8X
Джизус,7kB4F3PktJEy9jbwI6ujjZ
Alkonost,6uqnggb1uJbtZI4u3aLyBe
CRASPORE,70uBplYS9d9GUfEKVusJw6
Андрей Губин,63ZkjoVXJt868M1mJNgiNT
Дима Билан,19rplJ3Uh67C1fNAwq7ohw
Caprice,5wc0IxnlWp9pqSduPbyvZh
Андрей Гаврилов,5UQqgiSt6Eh19Zm58qPxPS
Кровосток,0ksNNF08VvPbHDXN06mrYa
Vespero,32VVkKJxzUokpabyVurd7V
Дмитрий Маликов,3oll0YA2yv7xQUaUccPHng
The Air of Hiroshima,5uO6SoYOtLfoq1aKg90yjc
Евгений Королёв,6ESDKrJiM3kkt4Bk8VdGTp
Валерий Сюткин,0VjT9l1JdsBHIUzJ6eMTqS
Тимати,3oLccEy7y6zTe1gCFHxuWr
Teddy Killerz,4xaF2VIGwhWyEMbM6GuLdm
"Кобыла и Трупоглазые Жабы Искали Цезию, Нашли Поздно Утром Свистящего Хна",6cJIw1dV4HLfyettNlZMM9
140 ударов в минуту,32E80v6oonZEp4swHSedWt
Александр Буйнов,21yhHm2pdczfEUyYRhzfid
Георгий Свиридов,2lLeVbtJ3XiJb4zPHUl0yI
Винтаж,1I8yEn0RSxacRvLxd8N56a
Nina Kraviz,1oZmFNkGAT93yD1xX4vTRE
Пропаганда,2fA7oIMUQ7vwHsfHW3Fr8H
Технология,1Yc7wyu2VfROa1hdESfHsi
Ноль,1t3WsOP0u00h6TOqPRZUzX
Даниил Трифонов,1fUhTALoWXPL6PZSkKImY9
The Lust,38tmgxzGiGnIBT28E9SvTm
Самое Большое Простое Число,0DF1d45pNEowrh7UXKvJWJ
Владимир Владимирович Софроницкий,4Zop0zkYmho9A58QPgVlDK
Ploho,7yjnZ3eibFQRN65u1syJZg
KSLV,2ElMqlv5py0QFIVXUff627
Sashko Naganuma,2SlKccd5WLZF4gSBIfqHF2
Владимир Пресняков,71hfS676pfxtjY7PpO9l6P
Михаил Круг,4KplcmUZdFxGJoZm65B3Vo
Владимир Кузьмин,2AOmuzBhAiaCKrKolljUSJ
Irina Mejoueva,0jiQYnVYWkQ76bTIgwVTmq
Звери,0ZTNvi1hBP0RCMVjTJEriJ
Alpha 9,6ckI88Ggj8DPe0TNAAVkjn
Танцы Минус,6xFnKVrOJtiGfcPdsA7qUz
The Korea,0mCYlEPAtc5TSi5fkolVDf
Юрий Морозов,178eHel8pvCdCksXAJ4F2y
Ambidextrous,2urYuv1Xh6ZY1e6pxlDG2p
Света,1kxB5p4yYz5pReyydptkGH
MiatriSs,7s5A0SlNGTXP4EPKIthpaS
Самуил Евгеньевич Фейнберг,4cyQQuF9ZvghSB5CkDKriW
Николай Луганский,2bMfnyPOgNaeK8WNnXNXud
Kalevala,5NssSKjLnCy9pcnc5Uqo2s
Блестящие,3oNIRhMTbqkGQzOhK6Jwhl
Владимир Федосеев,6X77f89mGJaE1wIgXE6SXr
Юлия Савичева,0Y5iFEqyfy3mNg09ZC6b5t
SHINIGAMI TENSHI,0bxtJGTaXfnmliU3lOBKGv
Otto Dix,4xYV3eueFMTN60gezE972y
Валентина Пономарёва,03ccstHbV7gm7V7TjmSIKj
Смоки Мо,6frycbKPhXIybi6TFfum60
Yakui the Maid,7zmtMpvftyeW2mTcZlezAi
Родион Щедрин,5eEBBZgows0I1DOsOl0BP0
Семён Бычков,6qg886AZaBjnfRF5tEs4Ht
Комиссар,79ESPaP6zJhRse6DzRqEhI
Volor Flex,7oEHXAJa8gOL02lg4MLNSY
Дмитрий Китаенко,3Nfbf48vyOcRJmK5dXoPHg
Алёна Свиридова,3pV9bHhJndnpCQZqu8CAb5
Алёна Апина,1JIbTgtRViNMEkODfj9Vxe
Radio Tapok,6qPPZBT7Sgkv8DhM8WWAMM
Дмитрий Хворостовский,5P6p90HYfFxo4GTmHJjeNe
KAVver.,2q2gb01EhPWrMFhPX2h5pa
Дмитрий Алексеев,3xV0zRw8fM1l4OoRWkEAgd
Сергей Пенкин,5gOZqtlQKyaA0GWFgtuNEH
Portwave,5g97nXsHBZDyY6wPKckqLc
Василий Петренко,6H9eOWeGZkU9alBUYqNR7Q
Глюк’oZa,5m6ztlqoj7ZjS1NybWbned
Tesla Boy,0VSi6lAB9txdaW5VEmIx9b
Наталья Сенчукова,3cLEsISlZNZOGqF8PzBy8M
Дмитрий Бортнянский,120rJmJK7OSWyvtEIqG5XX
LaScala,0yiGDGuu4XqXVh0lCFliwB
Жасмин,53y0MozF7RJWH5OQlUBZ9s
Mujuice,5oCq1yafGo6ND2PnmhINPL
Псой Короленко,3I2lyYCpXrcicihX4oMUGa
Gorky Park,1qqNkaZGPRMuPsbyff8zQg
The Dartz,3yKjtksc8qdWmIIdSE3jwf
Сансара,7EnZGw4q2uoK2An7TTDo4Y
Игорь Николаев,2rEEba1d3USlc3fcNHLzKn
Комбинация,5dpwxd7bFEvriaDia1qshM
stephy,4gl6Q72EPxWKBcQ0WEDrKj
Anacondaz,2e7yDxnK4osy7nKhnqrOFM
Стас Михайлов,3u5JLGdFeioXFOYEzJNZri
Катя Лель,3NguMMTDTItRbe2E2PZrJ2
DoppelgängeR,00C8IIHnmASr9ATIfj0vAx
Purple Fog Side,2eVLkO9bBzfM6qVeFIzlpM
Section 1,1eUs3gA8ifp4ovLgmDloXQ
Emin,0sKY9AcBdiGx4FbFbQsXoX
Ариэль,6YxVBv7uBPIVRYPOfzCWRD
Alina Ibragimova,6etYlNivtzkxl1W0826xd2
Beatsole,6Gs2jNsD9XkEYUJZOSx4qk
Jane Air,4KIMKOmTZsho4k5RhRwqD1
Pixelord,0suA3Z4xjq58UB4S7ry8iB
Элджей,0Cm90jv892OeEegB3ELmvN
МЫ,3WGL5CRtgYd8Tm5elcbsdV
Devilgroth,16AdpyGV0zMyrbRDwU6o9Y
Alai Oli,4snI0qikpQST1U1VWAxEY6
Proxy,3KOzW9NF2ZGwYRo0KfID1R
Полина Гагарина,3Pdait6yo2LXvw2CwnagZr
Second to Sun,2Rs3MsF2y8VfkjmOVHkT5N
Маша Распутина,4uyptB9Hp8N6pjqSZJ9dSW
Альянс,0RhwVQewjVG0jHaXtDQaqA
Amatory,3JC5wZYLLWOWavmvGB94ow
Юрий Темирканов,7E4yppLZhjBxHC1pH5JGbu
Александр Ф. Скляр,5niF0k8tDOYmGU0HC7Jek9
Nuage,40aC0ICH8LjuNvZrh30WtD
Антон Батагов,6ygtSGdFH18miXSoJCRFCX
Иванушки International,71u4k2PYUAfp7s5IpNmPVE
7000$,2aRRUy8yfzqf1vby0ndchb
Сладкий сон,24rbXRS84RpMIP8eFcWNDt
Alexander Melnikov,7vk7vgVoYDiZ4Kngc3Jgta
The Brig,4lnwcv2fzQL7Y7bguVBvQ9
IC3PEAK,3luonLzvSOxdU8ytCaEIK8
Imperial Age,7jlDQREUVAlJR20Zug4MIV
Tokee,6WVvmY4D7E7WVdiqwUG4E4
Maxim Emelyanychev,36CgM42AtIA5SEne7Wou7q
ABC Galaxy,3kCRDGhuLHRGyzXRsPy7hm
Егор Крид,2KoLmBXwsgMkfAvoPBlPmb
Hard Rock Sofa,6iBOcuDTJKItKor6YfzZa9
Александр Титов,0i7LEbNYupmNEuVG7GJr7O
Nytt Land,6NQ701XGEJodDZ5lqVtrBp
Алексей Любимов,0604Eow92EXTCLStZOUNlG
Hi-Fi,3QGr3zxw4bdVID2bsKVQTd
Виктория Муллова,1Ru2MsKaiEbw3TPXeEelQq
Artur Tokhtash,3E0ctPFYiPuKK4sGB0NQwu
Matisse & Sadko,2QMCcKIPHnjQaPPgoEst88
iamthemorning,7xmvkKWYKuJGhmQmuoL7CS
FACE,2z20q6EEfm6w6PiIKsgtb3
Григорий Соколов,6ChLWj2mIxKtKa2pNifotH
Вадим Казаченко,5WbkQCaWeVrT7q3zP6BoXC
Nebula Orionis,59eckCEN32YKqbmOsDVUoM
Alex Sipiagin,7q46e1hkWTUN1IWHzYb40p
Эдисон Васильевич Денисов,0ux1mDFGQv3pDI6HC9k2GS
Instasamka,2SeRP5iAIhVec4azKHJzjX
Yefim Bronfman,1LMUcg4F3Uv0qeeJXw56uT
Музыкальный коллектив Петра Налича,73gQgThnHFxVKn4BQB0tVs
Джиган,5W7N6u4EjCEMKj7bDyzPEC
The Hatters,0VXv1jemtXkXJosGDKGG24
Елена Ваенга,5jBEXCI3Rsg9rw6I1UCbmb
Andrey Vinogradov,3FLAsHmd1U0io4Qfd5Bobv
Пионерлагерь Пыльная Радуга,1UNwSduHxa3uFtj2Lx0dEU
Roman Rain,3J4Ps0zs3GzTyJe9DqoHVC
Little Tragedies,4fqbwYDmnJY8qxHdtHs8C4
Omnimar,2QzxBZb43cSo7ifPXE4UjO
Александр Гречанинов,09GUrEAA2sS3kNAtoOc6mW
Gamazda,2jQR12WWMiQByk6Dnt6H4T
Gancher & Ruin,6IzjY421I2xp5UR4dkMDsU
Чичерина,76k6pRQlpEGY5po3s0IcJ8
Sensorica,01h50SsMXyYlhVA0ukTjHm
Melancholy,0R6Vw93S9zmOaR0GwIEhrB
Александр Пушкин,1QyMFmlQPGgyGMd4L2BOuk
Konerytmi,795iKgyl9CFeiQs6A1lwV7
ATL,2n6CVwo43YvjiTgcPxYWrf
Lazar Berman,2XKXuLdjmigGQx286z07ZZ
Елена Темникова,6lPJV4RlngIEnb6OzcwMDL
Вячеслав Добрынин,644NuLQoIj9axTSjlDqcUt
Пневмослон,5ULtLONUGHfJcD7Klnie1c
Самоцветы,0husm2FtGoWXLAFhmkuIHQ
Plazma,0mrEy4GWIBTK6Th7HPL4fm
Колибри,0mIEFkDpcAInh84blFIlqq
Loc-Dog,4y0G11kIVcUrvbJjIeRttg
Барто,4e662cSY7Yj1RRguJ0Zmsq
Subwave,19UDaks6aMVPdEp8qhO4T9
Grenouer,277wcGruz16FCo8ccRUjzi
Анна Нетребко,5moBlpk9BYtujdRW6VLepL
May Wave$,5auClyVdRZ8U6qfqPSONig
Roman Messer,25DnzR3jtrD8StkyyRCvHR
NBSPLV,61TQfpvTjHYQjPrvtJPwVa
Мутант Ъхвлам,2lh2vFaV90tJc5s1xNFbYQ
Василий Синайский,5ieRNtQmVhIhCkQA4ZkK6L
Грай,0rCnaw6G40B5yDq59zhCFC
Lost World Band,3CxK6zFTAzaVxuC39DyaoV
Sound Quelle,5mdTuNl23tON1WlsVbvD18
Жанна Агузарова,1b5zxJ7aRjHr506SljcUyM
Волга,3uCO4B1b9RoMlUxa7tNV0n
Zivert,1pvmXh50KezixmCHnp9XvV
Serge Devant,41ZhnBiaqeoe6asIzVDvqP
Ансамбль Дмитрия Покровского,4TEkKtkrU9KLECTqw3aXIk
IOWA,7E865RNZIpmNQ81lDfRWLl
Аффинаж,4rvbD3te7UTLvJnPe7D41l
Parhelia,4DrgpbyM6X11r8U651vN7S
Type V Blood,0iZFq1JE8IgKlBJvepdLU5
Boris Berman,4rjf3RhL62JjIJw9yYN9RJ
Chikoi the Maid,57LJ0REqRqqMJEIMBZotTx
Darkman007,52PvQ9pf8mE2tMgOTVcbVH
Ольга Бузова,6D0uq3URoqvg5EcTzEsNUa
ST1M,61nWNy70OaxidmWxG3BSyi
DJ Smash,1fLIzbK5e8MGrLKj1dEMsg
Иван Кучин,3YMw26hNLRfSfx59wuyqi7
Омела,428TElW04hp65D1CuTADeC
Наташа Королёва,3E5juL8xZ9bGtafyxMS5lo
[F.R.O.S.T.],5NajA7Rf9QwVDOFfuO0D9O
Denis Kenzo,66hvouo3QBf31PuetihmSQ
Балаган Лимитед,6wCndIbYp0KVDoWnajQUgA
Цезарь Антонович Кюи,0GcJLYsQ88AK13SRdZPIHY
Корни,0IVth3ugy3hO55yzbx0rLT
Zero People,4fzqeOdECi9BzAHBiE4gTW
макулатура,0XHvwTa9b8b6NIoQ5Ubhx5
Pharaoh,1F8usyx5PbYGWxf0bwdXwA
Мари Краймбрери,52OqFsDacV87Zx7BfXuw2i
Dead Wasteland,6BRueV4zfr32OwcTwRZfWL
М8Л8ТХ,50m2M9WYrltZARSQz2XJQq
Gydra,4eujb0S8BP4Oy9suTA04mE
Хелависа,3cEAYaO1IV0u7DphbZ3AM2
Евгений Осин,2U3cnraea9lIQBraKzlQbv
Shortparis,61j4FFbKlzdYihMtpM1hZD
Skalski,1OY0w9wUz9KfMRof2Mma28
Сергей Михайлович Ляпунов,1Lb7Gn7nVNfxMBkKVmFZyI
Александр Пушной,2WjtJYA3zobHKs3JakaAqN
Skykot,3UJIjdQ87RaGW7uwkVnGwU
Pompeya,6ECT62UWPniLG7KmWdwk37
Eximinds,2rDzllD1jSxxJCcRX2l55K
Fungus Funk,5Y8YSfghuMVuVgkS37Ispt
Motorama,3j0kMFxXTTYsuw1twLClw3
Павел Чесноков,0o7TvHMVIlWDZo98MCVume
OFFMi,45GUFmb5ybHd3HFEiTswhY
Лигалайз,5YpQ9lHYFeFs0vr5icob7N
Supernova 1006,1NIk8nxtiRbQuib3gWrcZV
Чё те надо?,5Z3SzPzhddouclpSDUxexL
Мот,4NvyMyuZiybVuRozto9qyd
Nuttkase,7qwN82ZSLskAoaumOVTmAH
Владимир Теодорович Спиваков,24o3OUQvNiz3IY9DQhFhnF
Digimortal,4qWyJeHY2g0G7utRLby2kR
Екатерина Яшникова,0FzHzyaGrIdgqgtSQG2sQR
Лариса Черникова,3tPA8bUAmdMkwLxtH6ikel
Illidiance,5uupCq8n8puAiDwBgeLPy4
A-Reis,59IWSQMvHfuCEsTynqEHd0
Божья коровка,0NHlDOnNC1FWzBaOvooKPa
Psybolord,0IXBv1o2XS5XavQ8GTArDG
Elderwind,3Yr3yzpgJUMfM8LVvBezXj
Boris Bekhterev,7DuzrrcXlLUYuRMYYWFfCT
Нюша,4GieO2JjiJOxc7m53YFjza
Фёдор Шаляпин,1A6JXyIYY4ZhWxdLTLt3kR
Bahh Tee,34FlKxqdftYhJy6BQubuHy
FEDUK,3EsjO0y0DE1GC453Sgyr7Z
2ва самолёта,6C7Xookxm0q3Dnq4P2Hxi2
Desolate Horizons,5y4oIz8eUC013rOK3AldFN
Jane Maximova,1rV8eRHOV685BeNEa59lyt
Wonders of Nature,3TH8tc8N1s363bBYROkk9f
Мистер Твистер,6Tnn33h9cIDr4QaWmg2ZAI
Любовь Успенская,1DuX5KV5IxzJ9e5A6KZ2OG
DJ Groove,4LaZxwpOIaTEsMK8ugnRsr
Ilya Gringolts,0gr5W6FgzzoMwp7PhpMRqD
Cream Soda,0QTO0QZDjoyXxRtIgAU4GY
Ирина Круг,3o6J0clA0xel4ggyPHzKK8
The Chemodan,6kHqXdtT1ojaXisSUA4mby
Юрий Шевчук,01vKKrtD6n7ibH0E2Zn2yE
SQWOZ BAB,5U2ISoieRzT6TaqiXumcXl
Лидия Мордкович,4Z6lM7VSKeMQlkJg45UMTy
Висельник,3QrMraHMbEdLOVayFdUSq0
Инструкция по выживанию,3GpEhKDSZ21xeJCxTLqNN6
Алёна Швец,7m9RH1V73dYjGv8RgGP39c
Cosmic Replicant,51fZX95GBVZJ7wHlDuGYxZ
Pavel Milyakov,5E8J16XR1FuqmFNkL65CKo
Чугунный скороход,5y6KtjNCrIwke7UV7LRp5o
Ранетки,2PlWeOaiLNS2KwgHkyPGxr
Nova State Machine,2xc2guEEpyGBhtN3qbByZ3
WitchcrafT,34yaU8iqC4f2fxMbiiG17P
Pianochocolate,7Kf0z26PLmfNNCPmyEMXg4
Анита Цой,2RImwn0eAgA8TWvlGPk0vu
Roz Vitalis,4UblcDBSVyujGGAtc8UBH5
Карибасы,3waOez5S98XWqKUtmjaEfs
St. Petersburg Chamber Choir,46WjEugfIF0rKOewvFiby2
АнимациЯ,5GIvDfiBo3998zS4DsXqqP
Иван Купала,3Z3CcpiGzn3LoZMg8LTG61
Archie,5EJxNJGLdKQPfS1MsLPFvg
Maleficium Arungquilta,3ITFZI0ZS0iqoV7PcW2DXr
Big Russian Boss,3q99FhugmuibswXhLK0N0K
DVRST,0XFgyr4jwM0MGeZZW0VzA5
Drummatix,3iPAjWSYkBAXRZgS50afSq
Аигел,1gpjSKJC0UekvhaI8fAcoq
7 H. Target,1u9WmQesE5Av9Biq1681ON
Bronster Bridge,0fKvndBAQ7qaXcnyR0Dn65
Triangle Sun,0xqJJcwIGBcOtOw2LHnNMS
Long Arm,0bUWa3lF2u3S1j1JOVZsdA
Polina Griffith,7DyGjIiaZiLrfyrdbIsDEP
Rapossa,0FtVISUJUZSWPU4LGeovTM
Anthesteria,4TXfkoeJmZnJ8cewlre1lN
Aurosonic,1UkK91RiLw3FonVedbAVA1
Лада Дэнс,3VA9uKRBaU00ULEmXGjaaT
Ирина Салтыкова,5gxktmdAF1qbL272F1EaNM
Maiia,4ZuMFkKVa97UnPUQQn4fHK
Юлия Началова,3YxwqsBPnGU5PuioJiZHLk
Наталья Подольская,6Koven2Ua78bOqgin2itz6
MusicAeterna,6GmGAy0QwcMmcANFv79xLF
Игорь Крутой,5JqTYkY8E7ubUFVgRVS512
夜明けを残す,1m5hKL4718s7zHkc5aSAod
Everything Is Made in China,0PFlaA9VxMfyD7LEw2Ynyj
Tony Igy,2jpQ0ywffgVHhZFQNWaWYW
Old Wainds,2m0GWgIQOEVThKTRoSuCIX
Joseph Achron,79cJKAq5mjrQzyQevE8Qqg
Слава,67KLveFFt93eF8QganpYcl
Борис Тищенко,6d0a6YReDvfzUdDNvGvlkO
Kindzadza,0il4tWDQbRfSwMdk5CmP04
Отпетые мошенники,3LtLf5OdPbKVFqpQihUGBy
Моя Мишель,28oFVU5sNejm6p76RkSwtQ
Pinkshinyultrablast,3pJuDuFyP5uxCHDpXPczf4
дора,2eiThpX5zH6LFmqP2HY1hL
Shokran,1DHGS6S7X2lF4cgEa9ErqC
Mango,5x6H8meBBWk6J8qcIWxW7w
Унесённые ветром,3bDZ4vKWjjAM6L0Ym1NuUQ
RAM,2vI0a9r3ijMLunZnHx88bs
dom!No,5SoasoL40vEB7BXtgaLE2S
Theosophy,2obf1TTU6x3y8h5mMuMLQL
Keiss,3waUPpQAFlpjmPOBs83XTZ
Зара,5KCxp18eiaBwdl04QZaOYq
Александр Блок,4fjpvaFnISOOKpwC0QY2de
Inner Missing,5WveblzwVQpNhLPSqptxJU
Dreamweaver,0vRGan4gN6ixXxTy0ia19M
Мальбэк,5BwfcZdtiyHLvxKi7JrNMz
Frostnatt,63lBiFAfG7V8I9fbYW7I0u
Юлианна Караулова,09tP2EPNNwU20jaHUgXBG2
Мара,4dlzFoSuhQ1vejEu17unjD
Наталья Гулькина,6u4G7m7ULAkIF0pehySubz
JONY,2ISiyx4DLCMAMBCvPesCoq
Rompasso,7dJzxVffEZI5MuHOJiQB5A
LOVV66,5A9NWhs9ydYZPGgvcWI8Ms
Horus,1HCxHEbOOHXS0XAJTq3vdi
Юлия Лежнева,4lXqCIiOQaKszIABIsOyrI
R6,4SuG4WyuUZyY6GV67PgMhS
L’One,0x9j5hqljRaIIGjDSmsLT0
Ramil’,7blTwZGiTplsvBEvYOsDot
Михаил Ипполитов‐Иванов,0olnJhZ6Bou4zt2KkjdLkt
Перемотка,3AwNBhYb8tZmJ5m0VIKHp2
Russian Village Boys,1AsruX0vcpmL1O82dfWZBD
Asenssia,7fWVKlGec67W64CuXtrWvc
Rauf & Faik,0a3zDmrvmZcORfPeONPvfL
Зла́та Ю́рьевна Чо́чиева,17Lk8hvcGG9cqBLZUNHFSj
Abominable Putridity,4gJMeUuNoD9eeKZkOHLWMO
Нежное это,3uj4GPFTFyn2vVX5gq3Omn
Рыночные Отношения,6zFFNj7lMQdbbdmuQIi5Av
I am waiting for you last summer,2N6ovxTbZJfQBpTehOI5wR
Talsur,5yByYM3f9pCLDUSHcLBYPs
DJ List,5G9DWdFEony6NjugJjWb5U
ДЕТИ RAVE,278T6U1Trct15TyfeYVbtn
Arcadi Volodos,2DG9aIMzcln3w7SIVGGnmg
Хлеб,1FqRk4EMtZN4Z7mwn5KnOv
Мифы,15IRakRsv100hiM1WvbGzm
Лика Стар,5wzYVfNVVg1gCgbBSByJP4
Ennja,5VfsJtcTOUghb9eRPpif27
Aborted Fetus,2iC7loBasJ7gKWtpO3shhJ
Татьяна Овсиенко,03G8K7HrAuuau7UWOdCI0x
Dream Stalker,30wTv38QowlpPWy8vD7ACY
Siberian Meat Grinder,3JWnTlE9m0CFG7FSkgznAj
INDX8,3hDChZne804JAEVYOoyAKy
Stigmata,0SCLlZALysHfj8X8LPX0By
Corvad,1uAeRH61SbagcD2W1DWjB6
Александр Иванов,1rHDq5FfVm4aD0Asukn0dU
Ада,5FpRyd0rAEuzdlM6PzcUWn
Грома Глас,5A4DEwBP9ascye2BKAd2AF
Сюзанна,6Gk9dBiOslC7BfljIWmzj2
Synthwave Goose,3dUgtFhfvGyoAuvKaujtdV
Александр Кутиков,5h7HHm3ekcTX2HCrDweMDo
Requisitio Sensus Aeternum,6GBguHmDFl9iQqfpqbW3YI
Влади,4hkwrlVarJxzFA6h4UMi6A
Alexandr Misko,5ZtuBRCHqXY3bSD2BRSYNC
Irina Mikhailova,2WJ3FV4yMhfoY9H5VOTscR
Brandenburg,4KrgH3KHFy9zzjiDDgzuYu
VSN7,7aPT87bbFE2IO9d3qpzf9U
Пика,4QwXKmGPo7GsU3N8LJykki
Punk TV,7eBSyCFJsLAUXjHQDefCsu
PerfectHate,2zMbMue3UVlHPjPNUhgXZ2
Мин Нет,5FuJ11UDPAnN8Ya7tvCv2o
Северный Флот,2KVNHCXTcLnFoayPPRxwN0
Traumatomy,2skAuPYcwtZ4ttPCLbQFJH
Ulvdalir,57xL945L5sKRYk7bkency9
Сивый Яр,38kNVRmj61FK2H460CQ3nX
nevergetusedtopeople,0j5kVHxvTgUN4nBIPKCLRJ
Kedr Livanskiy,7deuX0YejjlcB4uLcdgEDW
Spell of Dark,2z9kPeiIogJla9xZPoQqFO
Гио Пика,3ZOk6bDH8ORFWZUA4qvevR
Novel 23,27aKZ7jt8sp9BCzbf4IGWe
Градусы,4TyLwoVkM8ubyuiIxtVJ9E
Электрофорез,2xZHADRPl17tm8FPthebhR
Sector 516,3aptP9wEUayB9oxf2pdrT9
HOFMANNITA,6J48nc1Q9SmB4gEl9c4IgC
Ozoi The Maid,7sEVoXGP7rFHjDEbMvVa03
МодеМ,6SpzP1Wg2WLdT0OLXd4xxB
Blackthorn,2S4zTump3NnEEJ5WlvWRcO
Мураками,3AFKHQNN2UFXPBsKRNljNk
Hard Bass School,5H8ZNi2r1xkfNC3HRkoOmZ
Непара,0rDKyq9sDSJnCCEZWwnama
Vintergata,0Q6TIa6WiJBO2jG8qxIyCJ
My Autumn,40XllahYqSgw5j3ZaNlJmK
5sta Family,1ucCuUSV6lmONSjyJDpHu0
Marimba Plus,1Tvfj8jTVt5s22Xz4nbc4G
Марсель,7pYqiObBNdTq1X5CYdvDw6
Порез на собаке,4DHJUKEpxQH7ypjFgXmAD6
Maxim Vengerov,2AL02x65Azh5v7Drur4KNp
DZA,1mwaNeRTnMjH53H6eyxKw2
Bert H,2oykKN89xs1VZCtAB1rRsi
Grima,7KSPZyeCKkfkhMkX8rYIhD
Алексей Вишня,2O9KAIyUuHYQCFNKVwYOdI
Gnothi Seauton,32JX7FRveujmLQL8sxTQGq
Диана Гурцкая,50g9kiPARUpUOpGCYBYjcD
Pussy Riot,2hThsqaVEAWhWPBXnaOfB9
Helvegen,5mLHzJYo6AaP3tTXKaFhFY
Честер,2OtP8GqmbGjYHumKfumM4N
Revizia,5V9RbFZN8G82d2BoRKeJAP
Nox Doloris,3N67k41fpm2rBEaNITqSz9
DVRKHOLD,4ZVUy0u4JnNGj6jNNWv6Qx
Ветер Воды,5peYlTVov4XdU7kg4J3GJ3
polnalyubvi,3cmfyZ8hRHaN2CO9Qo4j35
IROH,01Sqk6wzkU6MR7dIvx7DLZ
Mervent,6GwdcHfQupu2L3cXAj0gyO
Pavel Kolesnikov,0NzCpFJbPBZOQylvKJ25AJ
Nostromosis,5hD40JdIHQHmb9jLWcXqZU
Big Baby Tape,5NMwoStnfHT4LdETlJSwDT
Yuri Kane,4G2SyYMh9rbSyhEhvx9Rdz
Свидание,53U01FmmAiIpsbDcIBmC2h
Markul,3Vfd5HJnhjnvdyuQYHtYa2
Виктор Королёв,6k7DgAKn4ucui5dcZO759X
Crust,5EsBR8MZtl4EmKhbRaDdag
Братья Грим,5PxN0l88kWfvdguHlEWi0k
ШАРЫ,7FHG2jA8qsPQjvZgoZJVn0
Тальник,0fFqtQMkobl3K9uxKcVe7Y
Овсянкин,6a5dhhVg61QjA7kMDLFSqt
Акула,28YqmJDCsushOdmesc84MQ
Xenia Beliayeva,43QchWzol8d0uyKcpTZj0y
Redo,1KRpJNUXDHaPAzsh30TT14
Tveth,4YTLiFY62kbwDEdotewiUQ
Distorted World,62zK7Ox4bUZXck5f1VryeC
Жанна Фриске,3HdnvX1K2C0flaYmMOpdwR
Олег Каган,2tLS6M04bXlE4SxHC353AB
Дмитрий Синьковский,6KxLsPEyo1B169xGOWUCwD
Black Ash,5DMraEWVs2Et9JiQy7xSUE
April Rain,739AuFSVMsDpObOcslwJRI
Marja Üldine,6uTKZ4h1SKe4tcCqy1AIny
Oleg Maisenberg,0uIlrJqe58rIie9LnMS1ow
HammAli & Navai,6o7TsOGOEF5Mqpiz2KCyWE
Полина Осетинская,4e2r3XfthFQ9vsl6i7DeT3
Артур Пирожков,3nBhPSHZ3oWyLLG3eBBqQY
Дом престарелых аутистов,1tzFmOhVX4WfcUMq3MeopT
Никита,4D8TlW7uncjWx9LMKOlg94
Мэйби Бэйби,2u3ZpvdeLOLg3mIvQg0jZh
Наргиз Закирова,0HJI6bW0KFSWkZYtjnErCW
Skyforest,00KWdGU4pWHruBYx5rAWSN
Юхнев Павел Евгеньевич,04qCEIcnuQ6eqn19Swp4KU
Miyagi & Эндшпиль,6L5bLEtpxwd0KOdOr3gtW4
Фабрика,0EKEm3s5k8SV394494b0Af
Ambinoise,6J5FguHIXIOFufLZBumRmL
Прыгай Киска,5Bv0ObtD4MLQ5u1Pbb24nR
Tetarise,5w8Xzn4SqqVqgeFpoWTZKT
OG Buda,1H1zBr7TXFwTwsHU5kX9gW
Balalaika Ensemble ‘Wolga’,0eDmi2ca5WfBKo1QQjAv7a
Ultar,6qBmMTIQANnluSglXkcRV0
мосл,1ES7kuADy9cL59oF2I3Gbr
SHADXWBXRN,5ZzO786ViqgegCIoa28OPx
Тося Чайкина,2Ibq1kUPUhSjoJVrvZEMrj
Диана Анкудинова,7buSKsK1RlpIDc58mgrWnK
Несмеяна,36udU5hA8bKanLAu0Nn9bS
Vena Portae,3KSeLzGuDGskhQkfQ0xxj4
Оксана Почепа,37OpNbPeuU9L31M8ZRqi72
Scann-Tec,1I8PDdpk2ITmQRUlfAOe8H
Александр Рудин,4EpHVPA3kl6dxqOMgCAvQU
Wildways,5iftm9Sk7OBBnVqa7DbICi
ЩЕНКИ,3h29ArWDPPA7LaO9Q3OEs0
Lena Katina,5RfS9o5FOLPdO77H58h3oA
The Pixel Door,5x7TVNnwKGhhgZsXdMDx9e
Банд’Эрос,2OgohSfhZqyIauFLZHvXLU
ЛУЧ,3YKzyuBK0TbNGkVrozA0aC
Leo Cap,3WZOoHL2HQi26O6M3W3f7x
КОСМОНАВТОВ НЕТ,2rRyviUwWAHYmzyVzmXWpZ
Alizbar,6SAIhyk7efW8C2EbkovLMP
Avis Vox,0C7l2N7H3hTYb3ZGRD4BNc
KURT92,3tYf5rhBgaYN5d4zYdvRNb
Parasense,5RvzadMMtdwFV3bMUiilJH
m19 [kei],4UhO6F452L1cREq8OTAATY
Disen Gage,7tIhb9CpbMlas7WzpB8I5F
Cramp,0Fq4Kv9ljQ7b82SboBFdgd
Prestige,3TccO78qkloysfrfjNPeUH
Sunless Rise,64VKBcpCiLKUxRmGtDwpr6
SayMaxWell,50hbotxVDC7jjk24PfKJa2
Виктор Салтыков,4YvTxqMYsBZhTljeOxmQ47
Александр Даргомыжский,2e1NJfIScuztewWi4oOnlF
Grimorium Verum,65nL8HSKtOigMf9h8d4rUK
Sensi Affect,3Euk7oBiNSGOnpUIjLzt9z
Slivko,5bC5BZrIsEnL9R9O1tn4lo
Abyssphere,3uBYldHysL7YTVbJsNmvRg
MURDA KILLA,3AE8JX7BxqvAN4NKvwHNl1
Макс Фадеев,1m2UWYjxzS9nh3ichyysKH
Bumble Beezy,1z14BkmVmnaAEFLUe0VeRc
Академический Большой хор «Мастера хорового пения»,5AdQn96aMzFTfvopQBa18K
Юрий Мартынов,225WrA2UZaK3wv06HC8Wtz
Rem Urasin,7lbctmrBgR9SHvNWA5BvGI
Женя Любич,4u0nXcaLnlkErUBHo2P4ik
Mnogoznaal,16ZNqMkDZrzd8fTXeN2kUH
Radio Silence,48BfIrJXOXCbMCl5fpnbZH
Голландский Штурвал,6thg6f2wU1sDSmSBnk4QNZ
#2Маши,1vRQhduO7bDkd6cAS6c3td
Виктор Аргонов Project,1F6ruIf3AI6gL0p0ipxZOT
Requiem4FM,5rb1U6Z2vCCsq5FdnUS00H
MAYOT,3KtiWEUyKC5lgHedcN6y6C
Стас Пьеха,0sHycRSBxNRJPes9wsPi53
Григорий Сандлер,46McFriKiqn8t13SKRABiM
Receptor,1XfKVxO4LAnU6IgZAO6L2I
Jackie-O,5Lp9q7iqiHxmSVqhEqFNIc
S.C.A.L.P.,62TEIMdNSfxtfPhYSOYRRg
Ева Польна,2TSCvFRJbnfG12C6sgdQtf
Mad Pilot,5yNxOPKQpIo68jwfDirpGU
тима ищет свет,4MbtAJqaqDuPTAan7bI736
Mirèle,62Vu8AC36ARldmNIaJ7f7K
La Rocket,2oDw87jUJRjLuKLFL6uP5K
Manu Shrine,6KZlVXe9XS7z9ErJkfyjrI
LIDA,0ChMIwzbYxHbebgoPeETfV
MATRANG,7MVKH9fm8zwRycJpRU1UGc
playingtheangel,5LrzvQVGJUmt227QAUfR5x
Помни Имя Своё,4FcBDxD3Uj4CWUrd061Y5M
Koalips,3GCR4uDjTZleCO7tjTJBxl
Toki Fuko,7fZxCybxxm3zTY2OvIlWSq
Конец солнечных дней,7l5SzCjzw6Xvi5rjZSQrl8
Znaki,6NxvUi0HFyft16vYViX9T2
Клава Кока,1I8cwnCuQZfi6C1eZVrRIF
Ирина Дубцова,674TqX6581VEbWnsUcmo1L
Анна Седокова,1WkeZdCvlvnY6Ntl7sqzbg
Mavissing!,3cz27HbaAvNp2E8tIMKhpA
NILETTO,7wHvox8DtmBBPpDFRVURv4
Zmey Gorynich,3wpQRNNzFhrY7iBPCfsL8C
OBLADAET,1hwKCeSXpLrh4OQND6iQHw
Путь,55yb826YWt5OiJXGY5s6gq
Рок-опера Орфей,4zLovNrZbznpsWLeZwlgay
Александр Загоринский,3fO03cIUxZPNGC8GQjMucE
Psilocybe Larvae,0k4XnmHgrtrVzfDBMZLreY
Эдда,5XQkYnzSk4zyODIZzCE6eI
Grim Hellhound,4tosmYCanVfnWUDEIB6G6i
Sleep Dealer,3spV4ipk7tqVzM7n494tr5
Туган Сохиев,3enXY52UlrP6E6DbqE1jVN
Todestriebe,74tGyjffvsqsv2kTVRNXf0
Schokk,3KmSYgeDD4CaTHTtjvoAA5
вертушка газманова,0IpkB4AvlPsDaQrtbjKGkw
mellyday,7mbxLqmq3M3kyDbP7q7Vbf
Ольга Орлова,2RPnfaY31zOrWvpJYRfmIe
Razörschrieck,67NQJFDRZHo627uwgKWCkp
Николай Расторгуев,3loDKhuRpB6l1KmwTALw2h
Murat Nagoev,4yCQFEUap6EjSVM0jMdb3u
Oligarkh,2kWiOL8Vy40c0HsOYpLRqM
Сергей Жуков,4Ft4dgkrt2jvsYIOm4H71z
Билли Новик,1DgQfDf8N8aPHBkeM8fsGC
Ольга Пащенко,1XoZvgPZL4zkSpKmuMfz6T
Yancle,4O1BpPjKtbmon4QJDaYFGM
билборды,089OMnL1yQrqg5DHSh5Q9h
АлоэВера,50QfhXI1069kvJI5RPBLM3
So Far as I Know,54RsPD0QaGqcvT8NATpWwv
Ronnie Magnum,4ZvGL1Kd3SNgbV57ajgy19
T.H.R.O.N.,1PCd0DJwf0runp272G5ptc
C-jeff,1eJmfAGFKrgG7X83Z14Gyy
Andrei Korobeinikov,2BwVr2IL3vZ43DUMln7xa1
Алексей Зуев,564j2pS9YetWi0ZQ7KrBZl
lil krystalll,2cYbwKKlCOv5VaoU9DZwGA
пасош,3hjgDpzMEj8wWDo8vXqywg
Николай Корнев,70hS9SnJefkZo2QJwS2VXi
Моно,6ux4zGZbU9rp9edxgzPDc0
Denis Kozhukhin,5iRBqpTEOgggnri1awdnNZ
Silenzium,4c6QelURJ8f0cNdwR53AJ0
Britney Manson,7GtPtPbDC5CLNzSNxVpqaf
Antillia,0juUroqpQs6biFO3wpHPf3
Pseudogod,6QZmSGkkJCP8iFv0ssIUwz
Linffine,5oI65hGoXeEOWgWP7jHKzV
Mary Gu,5w98ILth0uq2xi2am1vu5g
Мать Тереза,2LvfF1x5DayV5lGcF1WFEo
MARCO-9,3rMisoSzwZaPqw1vOUo7By
Ольга Соловьёва,6lSGBvwGcdnY5YKVcN3VI6
Robopup,29FwFqbM5JlAydGybJL1HJ
Юрий Фаворин,05cBrBiiK3OmffugntRoT0
Tanator,76Q9X9o77buvEVo4mjOlK2
BOOKER,40K9KbqFFDzGXfUW3s60bv
Synergy,7s83dhuGTbXkYUEDXCisbK
Комсомольск,4h0BJFhxTykCrAi3Vklp29
Конец Электроники,0r5L0sYEYV2cCNIzhetV7K
Catt's Digital,7n1mCHk2rT8VNYwEopAAAQ
Amalgama,7Mcm4H4GeLCxaScvNC7QDn
Борис Моисеев,2IWZUVotZF4EevsvxYgRFL
WWWINGS,46GuNYMKnTNlkLEvsacZ5h
КРОНОС,3IJhjIFnI1B7qXJWnWhiCo
Absenth,3OrI1Po6X9VzFAXRrrQyd8
Viviana Sofronitzky,7IMMLy5f35ejJaye33HT0R
Restless Mind,1iLM0DOkA3KETXJo0ZczW9
Фрагменты Наблюдений,0H4vhaC7QXjuI3L7hoHWVr
Vy Pole,7E9dLZ1N9O6REHSshsgEfi
Costa,7IIb3I34G7MKHkscqTWPIJ
Green Apelsin,4bAoPku7d3g1A0P2MpZGjN
Артемизия,6ZcqmbL8zJwmcQxUADipWx
Гречка,61YHPtwv3WNByXbiX8cYFF
Hyperomm,6N9rB9eWhszMtohmUS6K4K
Therr Maitz,2UNClJhF7NxfVQqnvZsrVR
Евгений Фёдоров,0wZmIYgeI7q1WfCdRkKu4B
Ilya Kaler,5b3ITDEG6aHMNbA75778I8
Daniel Shake,1uIcaflxcqmm1wpuzw9ntf
Шура Кузнецова,5PK97jVjVX1jprY2wZjjc1
Gala Chistiakova,2qknkPLvziV5x1u4xw7H1C
Александр Панайотов,1DE5xn8H1QZuPCurMNiLYe
Igor Tchetuev,51pqADGK3g5dMn3Q5JHaod
Диана,1P6iTG8iIguVkZqNWbylsB
Leonid & Friends,238tF244RAl3ApUAr23NVc
DEAD BLONDE,4k0dbhJImJWSJf9PsH7H3z
Кай Метов,2ngjeXbS8ZRznZH0EF18Q5
DeZtructor,69pZ0hs8bnTmKouqYLLNnM
R.Hz,5wJTUWsSMc6QuhAn1oxcKn
Циркониевый Браслет,3romduRBcSE8Dij0fCF5j9
Impish,15KkTToHeC5TCpCQnKIxTS
Увула,3AUmmVu7wsx1EvUr1vlsk9
CPC,6PNUcC6Zqkaqmr4ReOdcyx
Anna Kolchina,2vP3HFkAxomZGmfq8NG390
Wishdoomdark,0aTQ2BYLAqMYsyjWsz1iAk
Lay-Far,6ERzNHT215iUO0kYb2Zdyw
The Limba,7LdZqOf4uMeA5vzlI0oza7
CHVRN,7rSykIe3Og1NMbIV6LOeVx
Stendahl,7hLrjiuNxZIf9JSPz2CbAo
ПИ4АЛЬКА,3FBDqOQ7DUkCyCFAlCYshm
Jubilee,5GJMjIYOg60im49yA8XK67
ANUQRAM,05HPAdadViWOL8mwgYhet8
Mooncake,6DKVucXliE7U2RV52HF1YL
Mahaon,4BwzT8cCxiqsCrrPL1XaWy
Xe-NONE,20WBZ6CFiwWwW3qHcJ95RC
Хуго-Уго,4pq2cMD212dRXVZL6sEMCk
Electrosignal,7uaFBsqOtjtTRUYbZ2pw5R
Akeedro,1628n9uXynLfngqaUxTtMG
ЖЩ,4KOst4Y7B8pOQKt6TpVc4Q
Samadhi,4ihRom9lqSCgQc9QuAoTlB
Юрий Никулин,5yKQtVlpobIKlSagKPg3bT
Encono,2Jrm9UZ4rjPyqummm2xx6i
Atlantida Project,0vFgHqFN0fyskjgftFu2Kv
Trinergy,29GIa0EPbGFwx4xKGPUJU5
Заточка,1zveeHI6pPI3TQz1XSloF5
Вадим Жуков,0o5TPoU32jD2CuayIJAuup
Иван Тургенев,6fxzQcoVtnRt4MSg75fMDp
Денис Майданов,3Xnyir0b68IiASLDGyOv3b
Платина,4TzGOY9RpErzedN02w8Boh
Exouler,0iGNYF6J9JmfpBHAmYAucM
Soft Blade,6LwKCnpeCVffopaYO3pafG
Boris Begelman,6Ug8MeTuIdOkZ6iMCkElca
Elvira T,3PeKpauNvOYx4WFMQ6vQOY
Ольга Серябкина,1Hd2ZcCOUCR5U1xDTbpDv8
Strong Product,34b52T4TMUIyQRzC02gJaJ
Пир Во Время Чумы,62d6dCWzpMGtokRS29FwTx
Птицу ЕМъ,1bm9iOcNQrk3ZIZirTr2ti
Михаил Лидский,2Utvk5DFOf0gwP1ix10R45
Dominus Ira,3JlJxFkNmUY6bAt4cltbLE
5 Стихий,6gmxvvWpBSozGiUmBFqH1J
Life on Venus,72cBWuYjXkWxEXqZcoH5kE
Евгения Рассказова,6AGZ4lx1f0mbBWnVWtddVJ
Semyon Barmotin,3ETbNGFdzBWjaELYznaHip
GUERLAIN,1REwHmmn5NCdwBfBzMZ6fW
Elsei,50w62qMAnHcGIIFsUdEReo
Ghostface Playa,5xegBBY3vjR75woVR9kiy7
Анна Винницкая,6VqVuLtujJqd6FH8eQ9gyr
Arcanorum Astrum,11swwiWTdjmuV6SLoSEMGy
Танисия,4K3Lntyj56gKzXn1IerE8T
Поехали,42oLh6H1L16JYEUZdFKJ71
Обе-Рек,2Xnxh7bG6Ym3cP0Mot19pT
The Sundial,3ePdO8ZqgpFJZJWuMNgzCA
Алексей Страйк,2f4bud2oLugFvvHDv8PEsY
SayRex,6Gk9FDaTJNMXS1LL6uK30s
Сергей Шнуров,60sTLtD4leMUjSAw3IWzNd
Авраам Руссо,6KsvlwV5vVBbucgMY0jHdg
Denny Kay,6PyA22Fh3LEonxct9Csbnu
Местный,5OUTtgVJLtWCBfHCJ2rzas
Сова,2VFXr1f1iMskmkDbW87MmZ
Кувалда,66BzroJa1wSvSdrqQ8DFum
Kira Lao,4crdTmTbA1Bn3v4h8oXUcW
Cage of Creation,1JalE4QPSTgq65VPoEy1O4
FolkBeat,4CU795ZKZ6Vn5GvkXrbxy9
несогласие,3SURMIUHYRHJ2yeFAXWTW6
Tenebrax,1qO2kVWrIVuccNvIKXdeMC
Олег Киреев,24XcEDdy0XcCRC2dzpbvVy
SymphoCat,4cX8nm4XgKt3U0hfVx9NqN
The Diasonics,1cfwYrjzUcxWHAn33VKIOd
THRILL PILL,3pONzjQKqFrh3zTQBTMeWd
Erika Lundmoen,2uBR4Yh27WB4rn7t3c4uCX
Boris Pergamenschikow,63pkDzVLISLMDdFLXqDt81
Edun,17wyRaHZkSFc2YwzdMWcS7
Going Deeper,2SHmJ9pvh1h1TXu2WulzL4
Коста Лакоста,0QsH0QgYI4uFrC8tkeAXna
MOLLY,6G0CZLe1HFoxcHp0FY4pNV
Aquascape,0qNnR74QNNw7RlUk0Grzsb
Bizarrekult,6Cj4Bc1WpdNZhGcKyQfWci
Ocean Jet,58RkdwhynLhht1O50fwDeq
Optimystica Orchestra,3M3PdJZlxaY2RLuF7Vl4mM
Велосипед до Токио,6oUx7gMmJZSbACdDzcUmsP
ANNA ASTI,40YXr3tdSqFv0kfmgjj8vP
Где Фантом?,0r3Nr12KW6sMFbgdzbJtgj
TheAster,3ZEWMyP9qZhQi7d4nwGV9f
N1NT3ND0,6WI9EjCdJWcwOFFtubMrGM
Invisible Devastation,2QSdNMt04na55FH0YHKKQy
Kercha,3wCMW7RUGv6X3ZduZxiFYW
Кристиан Костов,1JjIKP5IOuEDXQVZsbUiB2
ANIKV,4uWhcZCwuPopf6JGvwsN2B
Вадим Салманов,1af4trtInB1hDfFpPKqFmk
Flynotes,6C2eqMdOet0cC2cH6TJJIj
Тутси,4L0Ra0Yb7r8MWM6cD2wzTE
МУККА,6a1CGYBFAUrrWZvD2iSsEi
Narvent,3QZtwiUoyaXbl1JssMPIQ7
Complex Numbers,3PBUz26WYPxZo1uFbS2RbV
Furious,564EPk8X41ahR0p1Fi6Ed8
Fon.Leman,5MfgpUZimCI5lEt3o0dD5H
Olivaw,77x2yCLnNlJCIQ9c6LhFpZ
Mirum Mulier,6vcEWstjGaViIIygq2AfEg
Scalblood,4S2JQGW1S5HHgM14JjmToa
Olhava,4lpvlgUCumwxmQD37sbIZt
Bakhtin,5mHSMgInsyiatBQJV45JR1
KUTE,0S1mAPM0pgJZil5FCqhQTX
hakumai,3GHZ3KbsVpqaHObxevolA6
Рубль,14Ga8jVl4C81h3kRHqlDRC
Московский камерный оркестр «Musica Viva»,21KbEq7IOQj56o1bTQzUgW
Данко,4zuGVjO6Yu4w8ZEqJOVDvQ
Anya Alexeyev,734nflySQGgSwEfxkMNcMv
Alexander Boldachev,1XCJt7q8dHyYRIuYXbEaLn
Denis Matsuev,03hRK3ed4wdJJZ3NzkEE1M
Autopsy Night,42ujI6E2xSDHO3NdQ66s6a
Анклав Снов,40stWpdLmeXVzLAWC4WVwy
Shallow Rivers,0IU4Y41IHbvK9PYCcslf9e
Карелия,4PODUa7UyqHLQ20929fhqr
Lodoss,1aBgePqg9MPybCZlHc174z
Сергей Летов,3SyodfK9cuCKf81cF3SxNS
В Космос Верят!,32SaTOG2dgTtXYkzCzWKSO
CAKEBOY,6qEwx66sEhRl98CXPaENxe
KXLLYXU,4bWVepUQXFOTTC9TkbhNVt
Александр Рабинович-Бараковский,25Jg9QEM0nUm23Q13XyLO9
Narkotiki,4yH0Hk7yuap7g2ogiXzLhm
Лемондэй,3G8ZYjvvYRjqv98UiEmkDD
MC Вспышкин,3qwscrQhrdpUV3iDsl96pt
Andrew Yurievich Oudot,6uRE8QWRhuND2d23rqBWkP
43ai,3OB2b7f1bshKrPO0qlr5wq
Nuvertal,1a9tzNkt3whGzmgKs7EvpD
BYOR,0Upxnyh9nIUNSOmNE8WF4R
Бонд с кнопкой,2JrtkA0Z0JxBfEmxL25cP6
Деревянные киты,7Ai6FTcNvJM5JdXgPl98qO
Леша Свик,5uMClxnfkye15tg63lrwU8
Andy Pain,2MPWBeo3H4YEBc9spHM08B
Троин,4xu8gVLJhGauOs48GP54M0
DMNDZ,5SiYu8hQzDPsNdIpY1EqnJ
СД,6EfddKVS6YVN4xotXWeczL
Return of the Soul,1PZHh0uvSBNgY4AFrN0h4m
Джоконда,2NNMG29hcWoAKFmJPFWNNG
Nikto,1nSeHpvBk0JUUPdCuzwSZE
Menual,4GGRJDbyKd1ZnZizGpPoxi
Quok,1hjJ4bsbNMmbIih3d9Pq1H
Klondyke,3X7XHGkkByMirqqHFiAF9k
Sorrowful Knight,2DpEhQPKv0Ek2S1p7k44lv
Larionov,5UXUES3mfBpDu6IlZFHVDz
Russian State Symphony Orchestra,0DJZPK3nRWESIS0yexi6Qi
Vladimir Verushkin,0Bu6AdUICgdTk5uBp5ftvQ
Schoolgirl Upon Thy Corpse,1ChTMbFMZtqPH7Y9xgv2OU
Василий Калинников,08v5m8gSFIEtKcnpqSNlbe
Ars Nocturna,0oZkIoDAqu0VAuDCEwnYcY
386 DX,29S82QXF6GhdcRw329SbuC
Jet Packs,72ilIeXCxhhz5xOdn5smR7
Itai the Maid,0T5qxPYQa05ky0KD8UhOdD
Ромарио,3Ud1bqxvnP6ofiKJosZsb8
внимание брусника!,11epkfgLUMWmXsTbgfPu4B
Еперный театор,71PNsqm48eXRqN3VfJLV20
Амура,2TjHQDoKt2J8H5sbUhuZkf
Виктория Дайнеко,1RztaRfceZ5RAz03QeH6kw
On-The-Go,4ac2IEaNsmlrbNCeMskch1
JBC Arkadii,2WfLmsSt5hMw9vRm9fDemw
Burito,336Wjd13t9EZBmBtSGG2DC
angel vox,1fQYiEKSbRxfp9Rxz7I5Hw
Чемберлин,4564OeJWdNZWVUMw1cB8UC
Alethe,0ByQIUXoIsKE1U1HDn57pf
досвидошь,1wks9ccLf1gZ2w4DSzrgNO
Cosmonkey,2UX9FU9sbDc4FwWVaCyaYB
Dogewell,6byzAHzd6pvHZb0nyWR59d
Heresiarkhes,6TRkOAbApWSSvujCKxuPuJ
Юлия Михальчик,7rXEgdWTzacX0b0PS09lHK
Сети,3Tgs0Y8qRxLy9ENSIX8urC
Baradj,41PMzOHxLouUOCafw19GvE
Broosnica,4x7GBuoe0tEsKcgUecaC2m
Angel Dust Dealers,02oE8VR8HMDGZebmgPeUDd
Три дня дождя,5q1NzLZwErZ9ujzqZKL0YZ
Balloonbear,7zQvddiphUJ9M2NEWwnWAj
Aikko,2e4NfEw2apTlZue53UXTaI
Volen Sentir,7scXA3hBD8JyGGajVR9q9l
мой друг магнитофон,2qLJ6xUS6zj2lRhShgoPOA
Magnetic Storm,2DVy0FXKDTQc4KXzaCmxH5
Сати Казанова,507yN9Cz75k1EeK6xo2cJF
Сергей Трофимов,50ehxQcAjCcfX0OCk4AZd4
The Morningside,6bvgAnp16JU3cEtunpdJUD
Julia Volkova,4H1K7u6druiGiZw3j4eytk
Анна Плетнёва,389M9BwW4O6Vb6QgZe4USZ
Cyberworm,30XI9r6jsVt2rX2qHHBvuo
Kije,2tT5Z9viF4NrfzMcB8EzTc
LONOWN,700c9Qz2z6HZKTumeliKAw
Почти счастье,5D4KhPLXN5auMMJ0jy2N1A
cherry candy,4Mq133iRLa1Wsy2G6wT8AM
xxkaster,6jBGJdCYkK7ar23j37Et1U
Nodds,5ZK13BSOkCbCt8rZVNCOA0
M.E.O.W,3jrsnuJGzxrUmWQu2D9JWj
The-Pulsar,0ssecTEFGHCfl0F79eLzAR
Brickman,2xBjIclLb9V8Q26jsZqWGj
Влад Топалов,3UD7BOVxP2Ryeet8stWIrX
Deviant Syndrome,1f2jOpxUrI8tiQSotUv5uT
Кирилл Петренко,0AC9VCVOxmjtml8mzLtlWz
Volta Cab,5vCqrnwjarcdisSRBVjvp4
Дурной Вкус,75hHfYoo9WURXtqGB24Q2j
endlesstrains,1klyLGwhJ5ixN8shJkwlAT
Tatarka,6AskOVL13sRjMWnL45lxp0
ATOW,61YKSvlijbEwGxvnrX9gvV
Antimelodix,6GtSRkZE5jiCBmwHvHzbR2
Simple Symmetry,36oy3scxRLRqG8uptf04vG
FairyLazer,0ruFAUpcdjUObQTshqKS42
Ольга Восконьян,4GiWDiPKOMfuQTkPti7GFK
We Shine Every Night,1qYrMWvC0HFUuzieg9YkuT
zzmln,4D5Sk9qqhQbr7GI8UJmOKB
ENCASSATOR,3XCfdFic107Iv8zMzyRTJt
Лакмус,2zI2d2jnB9wWH50rCJjHMR
Форум,3DkTIXFWQF2HWnJCKYQ5E2
Noel,1vKMIktQvHGv39tSIfeCO3
Bagira,3j1EDcvcTIShQ7gL1NOIqr
Mortem,2m7rNaZZrqr06pSnQeLZB1
Проект Увечье,3hBWcai5p0tR0LsSs5wCQ8
Philippe Quint,3r87uYmq5T0Donmq8xUGPc
Ефрем Амирамов,5MqTDLFGrNIXISAjmi4hoS
104,3Th60WEZwIWceINQVE4Ipx
Hoavi,34ogXgGcq0P9njF9n4aVhy
Namadzu,35BZTN0AghGfZcIwNPeO2s
Manicure,67w5MH6rlA7eZ01ij5PKO8
Сергей Васильев,0FB3eMbC6UQGu1TEJ18wRo
Funk Machine,6U9Xz6BOxbkbQpkSHvquzz
The Soul Surfers,1UST9Gt4W7PFIPrBuxTMP8
Arcanum Sanctum,3vgkENN8d89zeXuKPkvi20
Changes,46XpZQLjjp5NodCFao1bOf
Recently Deceased,6sUvo5AgO7kDj7TD7Uor7r
Namatjira,7ah4GA7FzLvs2Sw8QflvDA
Wine From Tears,3gzZotbG6eG4mVSjc5NH1j
Павел Фёдорович Юон,6D9CxfJQWGq08YQlxyYPaL
Twin Rattler,6W2G8fBsIduLOLgXgFnjEd
10AGE,0iWCupAJreesWuLo9wkpXt
Unquote,2X2J0kjW5JzQMJBsy3u1bj
LeanJe,5hvJYjDlYyyKrBP5SM6yXO
Amor Entrave,0N8u4lbsVTq3zF4xsk0x5X
Ярослав Евдокимов,2yEI0cAmymsKh1vubNYjbs
ФРЕНДЗОНА,1hKtAocjfjS9OpOmI4hmSo
Miyagi,1kmpkcYbuaZ8tnFejLzkj2
Shiningstar,6LhMn3FepJab2NnMaubRY1
Ezor,48w4pbPwWMyYxCEHYBqGm7
Вика Воронина,6DacCVzNcejLg3c0xH7oPF
Zventa Sventana,7ajXNqKZt2P0bUCFKEpk3O
Infiltration,6Hcy4yEog90PfpJQeOpWl8
Flamorn,7vMgjvAdFQJtyPPW03s67p
Kito Jempere,1rcYZdCzi3poheNNvupX7K
Goom Gum,6D36JCiONtO40ykvT5RBec
Insect Inside,6zol0pKbLHSwkDh6ZuEfd3
Jahmal TGK,1G3VDMXqTM2X2LTWrvKqvY
Any Act,4YOWapv2jiS0Yv8eEBDo3N
Maltex,2PjBlVuIMufWGFqzVixqxh
Nic ZigZag,2x2u1xZzZ9NupOALF60uSs
Олег Чубыкин,7jJXHPKHVji5RTE9hJjuPd
Eoront,7yk2socmqIe9JZCIk5tqvH
Gosha,4Jf1PKoGgtUPcqLgCc1k0O
Стекловата,3yhOlOHePMA3oe6rRAvdMz
Саламон Дрим,6rubdX6ls3QXVMEg9FenEx
BUZSQUEZ,2oKBskh61ZWZX1FrCzP4Xh
Марина Тарасова,63QxrT6nlsHZ8ynUvjWUHl
bird bone,7bQYmQQJtuyhodMUQtC3GB
Сергей Лейферкус,4jmaxf1YkThATzw06Uir8v
Bes,2VyX44z0vDjbvffEakOAen
radiotehnika,5GACHzQQdnaGzspNWULhoJ
Карамель,54PyPDBEj2LLnu2bIJPzoT
Ягода,1IqCNmHAzklxAiVJ9w4lal
Vovka Ashkenazy,0eEYNC6OuxPfttvd2WQ3Ny
Marschak,2tgUUpfpLA8i4Htr8e8P2k
Зверобой,0p7qaysm2jhNRaayFoEnbT
Вайолет,4GqIgqsQmv5T9CtRIt0oHl
LIL MORTY,09W1Zh2IfOs6YYEiKgYY1K
Alexander B,2Yt0kG7Y50BHxqrOzWVAYp
LostSckare,540FvUrw77eKEtT4A3buEB
Sadistic Demise,2V8gSFUzCAxvR5ATnvXH2I
Alexander Kniazev,4ubw8HtvzKXB8TTfNDEGZu
Uma Kompton,4GuI3DSQ2Dt1VYKy2r8a2w
Вероника Дударова,7vBnSN2AEBn0Hw1SidXvw1
Архитектурный оркестр благодетели,6mcH8bLIm2bt5GfU8lRk2r
Егор Натс,6zNJCgmbt1BbC9d9HWPaHx
Kelayx,5QqRDIr35aIlmisF68oqL9
Soli Diaboli Gloria,17WsmN3aOqVmY6mDtiADc9
Didi,6kLL4k1MvjqAsqYA9VOsBe
Reabilitator,6gkyFW6klTV4briKM7DTKd
Verbludes,3CbswHdwDbXYLBxbHC4fA7
Daniel Raiskin,1lSZs0Q7lOGujWeSizY37A
Дмитрий Лисс,3pe94exUVMX6hYwWmc8zlc
Bog Morok,0Papqeu1BbSXc94QLdarXJ
Andrei Pisarev,4aF696ZNDKYy0MDEF6sIrI
EclipticSelftet,3y4qirTW6VEzME15vmkWcU
RedBearry,7jePINx83Ekt5XilLf5Cav
Natalia Sokolovskaya,7DKcfttE4fYU64tlrVmZCE
Thematic,6DOKmn5jmjwqWV6xwlfPps
Арсений Креститель,7m7b6ITjIHViCpDVIdEAGD
Сергей Галанин,3SXVw3AWOyqGHYcSrnkg4s
Crimson Blue,1fGxiDmisYhtbvqtwqm7jl
Woodju,7iYTP3Gnpd8ZDFrr9gocBR
MONEYKEN,2C2VKkif62AD8WOVXpHln1
Медведь,3ENdc4BVrdiNbkNQhamVL7
Jrpjej,2dHPiMpufsRSU9XJ6VuEhm
Heimdallr,2UPngooCotG1Q8kIfrNMuI
Рабы Лампы,4wmDXKxxtmRS7lpMvD93ZC
notunekocake,3DEPVZOlCQPGenBIks63GF
Ю.Г.,08bvwRYGY5vcTRMZJi4GC1
Matvey Emerson,4n7LqAJhu3k6rrKMu3VfDa
Solarsoul,5vk5hHh9JiJfjIBE4ZS9U5
Анна Пингина,4pALRydVVLZwHq49n3791G
Источник,0RNBJmKvby1OTsxA1tobZi
Focusfire,48gO12x1lnlUJr3XLTM97Z
Стук бамбука в XI часов,2F22ci6qPoFTbZji85RRLepu
Alexander Ghindin,1gvajJahsuUYb05F6jO5tm
Меридиан,49D93CzRmjR67DBr9WZ98Q
Kayatma,51LoAz8DvstHHGiEdxmJ2i
Зелёный дядя u сёрферы чёрной дыры,37dtIu56dgoKcfx82or3aO
Meteora,2h2SpT5xPSQvAG6CM1jfnT
Brahms Trio,1rpbKDxP46K9MN2R9ATeNU
Нурминский,36pVuMIbDJk9Mpbfr5gHja
Garçons,7fyZpA1151hvrTuT9F6Sr3
Lemeria,6djoTVe8DDQ9I7tFOL673y
Nick Sparkle,2mcpPCVj2gJJrjBryHr3ZV
Takiri,4yFG8GKlnQxJOzdcEOCeuO
Bering Strait,2yRMmVyjP0HNh8vB3Ia1ON
Aposepsy,4YZZRHWR72hMsW3j547MPm
Storhet av Morke,6nJQJA3eS18W1vYlAwD3mp
GAYAZOV$ BROTHER$,0xTdDjeCoM89b7n9fLcZvR
Хельга Алирин,2XIbGTbTdfZ7haul28OsUz
ЭММА М,1HzZUg7ka5YKLo5tIEW4Lq
BUSHIDO ZHO,27kGBCjiz5OXojkKX4xQ6R
Sofja Gülbadamova,3NJlQ88OdMORyyJsdCtQ7j
HEADLINK,2o8gLcevwZSQZkUuD8gsvH
Eilean Mòr,5OlWhSrLnKFr87ReAlEmwe
Герман Галынин,2Nk5x3AF8B3drItrZWh1zE
theabc,7ndzpbwJflZ24wLfYzXKGf
Above the Stars,5d3p9acSNz0wUyXBFuZvM3
seimoro,2bkkxVJX8hPCb6uwGSL6g4
Haruka Namihara,62SbGldVujkCOoK0UoFs2t
Syntheticsax,05hm1QdbuSVF4WdgzA0tFJ
Алексей Гоман,6mqj8PdmdrCQujdQYwqNA5
Андрей Климковский,1o1lBgE8oOt0XPu7t60STL
Alexander Markovich,7m2bBbwE0MGWXP9tbicqxq
Emerald Mind,7JKzeNSyImOjDhOCxvbLLe
Terminator,4SocrDU7we9Bi5QhMzZOWo
skyfall beats,6ORJGSfnPFkJFFs5wXEClO
Alexandra Koreneva,2bvSkGIYUBOGTw4ND9ZuOn
Roma Zuckerman,2kPVkB8dB3OksVdC9RfbX0
Ищейка,5tcA3GDqK7aHJM3BiqWurP
Обе Две,7pmh8z3Pzz2u68OmucFSZz
Bjarm,1BhVFXzaCESjmDOxvVWa68
астра,2GVIPCUroU9Uqi8UMRDODH
Human Factor,1RPgm0BfMGk0I8d9QsMqvj
SPERMACUM,2B7MUft4Tmw5NEfRW7kMu1
zazemzazem,6wuNdGDN2aq4lJ6TmEPke4
Dendy,1GVYWo99cbsaD4g14SVSpX
Belka,6SmpmcgTzIyAxMC8JGmGFU
Ариана,1Xta0Sxq5C1FmF9juURBt0
Родион Газманов,3uIT0tjHWGPLUTLGVxGdQb
Mjød,2VvutTQd8nuOG6bAH3Jcnp
Terelya,5X2730bIYYd1ZzO4q2doAq
Ганвест,5laAqNfSTmMyXv0E4XRUzg
Samuel Friedmann,5Ft2XtG2GaRF7sfUgINqHI
Evgeny Sviridov,6jfByKIYqZiUyoKystLeKN
Irontype,5g5ROnshf3QbyfWI2hEib9
Диди,6kLL4k1MvjqAsqYA9VOsBe
Владимир Ребиков,0egrebhFLsNr4p5IlkMDzk
Optimus Prime,64BuKR4HB35fB3mDsz03gI
Cult Gringel,0dkzw6AEcPENhYtzof9IV4
Ольга Кормухина,5Cc25SWfk06M9hDp9AoZEt
Геннадий Проваторов,4AMVi2pYtsXLDRyauG0gOz
Ваня Дмитриенко,1kxqshyCqWuOQJNCTgHKzM
ElisaDay,1atqdrBmadj0TEyd58HZXB
Marina Prudenskaya,1G6BhA6nO6dJJ1YGShUUWK
Акульи слёзы,260RSqVXKfsY3wtSXbftue
Кабаре-дуэт «Академия»,1lCHAi5SHW7yF5Fz2q5v1s
PLOHOYPAREN,4mVClR51ezgcGmBnInzFum
Артём Татищевский,5XkwYi6fn5CUIreP3x1ifK
Анна Ворфоломеева,78NU7ppHDDTzGtRSbpFKhS
APNOIE,3HnkksErqUwBlTU3S7bGFb
Geek Pilot Soundworks,5bqtO5hnypDI52988uCYBs
DEATHCHANNEL,0vIOxevscQIJBC52bQd31I
Anthracitic Moths,0WhihFJPFLn2cM1UKIPr0I
Olga Tverskaya,1tN2CwDL0maU6pX8BSTCUP
blaktone,1FWBtIItLjiJJwzsZzf9vw
Жак Энтони,08RxfNkJpjJ4dJb4xASWzj
Stomer,44LuFxpF0elYB9vCad6BGp
Acustiche,2TEVvum5WlQQHqlKmLvU6C
Вихрь,5NPsFGV9NXZK9eyDuh5nrI
Rustem Hayroudinoff,6uzEfVDOARGZSMZffkz7nP
Mare Infinitum,47pa2phByPjQaO7vQ5XlSy
Ирина Отиева,5uuYsSXKo8eyr0pipfQcEh
Tvangeste,4J6FeKtuQ1NG4IklhkzfaF
Илья Лагутенко,0kQN5Z4VFXjTbG4fsJsCXk
Peter Ovtcharov,0R53tbGVY7MHvLjDayNYTQ
Tyler Frost,5Y8r8KbhEkX0MhlHex5ttF
Coockoo,2ARsI3BQBJH0TqNrAZGqBr
Жёлтая Ветка,7GjVetGfIr5N5DBpUzM8g1
Настя Задорожная,66msmpIMcbvv8WQNqnRMmL
Andrey Baranov,2gkmlaxEz8QyaodvYtlb5f
Виктор Ересько,3rnDsqXur40y1H3iyXJT60
Xlson137,2obXGx5F4WlKS0zoIARm9y
Доминик Джокер,4VsaesICXLwHOtRdRjxpYf
Ежемесячные,6fng0ACfPEP6UFWIV9diUR
Кравц,5DIzBPaVlYSmlIQaafQSow
Platon,1ThFfXSuqEg0SDhZNZMQoe
Abstract Spirit,3WCCTvFSyx6TcOC26ayCKO
DJ M.E.G.,0oton6LfJgnGD1ymyunCwC
Fløa,3XgQiERzlGzUe286O2jo7I
Джуна,5G8FCfvxX5t0qQ0BRFP8tR
Наукоград,0AIgkKUDBZNShvjbB8EfZB
Люся Чеботина,6HaPN2wOlwvk2sJvJrF0a5
Tragedy in Hope,4Paf36CCoAXpgDrpdhjYeA
Esipram,5jDnFoC9JcCroOSM5n3JB2
Radial Rails,3O9pMPGXz2A4qMAyB9JaQf
Moroi the Maid,1wNMk6ydLpTIC2CKQHm4QO
XIO,0tz91AwZOWbprTXMZOtkI6
Таймсквер,1vIjllcPLmjCWsxkXpl6RM
Boris Kusnezow,6AkGgQszvXcU6koAAySG4I
Retrika,6SLVPua1BJCUt85y4bug2Z
hehehe,3rsAE3hVmcxOY0oEJKwLEu
Веда,1vqSuWkjI4KRIDfJyI9IOC
Wilderness,0XUL4KYP1bSXRbsxqS8n1P
Aeterna,4YvOPlF7CZTB4opPminC2y
Арсений Тарасевич-Николаев,686YO4KPAFYpigsPOy2peM
Светлана Сурганова,7fHlRgX10vOBRGPOCImwyw
Tatlum,271nBxzpEHZgohZW5p90DA
Аманит,5RaTWXQzmfCdXGs2Cvp2Ob
Крип-а-Крип,6UWxthoCqcdENJe8DDyE1f
Райан Оттер,0A0cv521yIxj1hZLQ4kYI8
SIDODJI DUBOSHIT,7rI2IkMnu8x7i2UGm0C101
quotam.,3W5G4FgKAUOt5kolBJXbZC
Ayda,7MSwsgHbxOuVyaVztNspZQ
Александр Серов,4R6Y94RDm948wK91PulIUq
Tatiana Larionova,4HBeZwxLHZStWiuSRWrN14
Лера Массква,1MTnOFZTyOmJgm7FXVxPax
ENCelt,3RH1uFnMb7QZfaVEGSaQnV
Механический пёс,2rEInAW8YNhahZIfBfa7Ld
MACAN,5VKufGMVAZ6fs111xYNKnU
Ермак!,2Y3Cc43y5adf1eQvszykk9
Interminable Corruptions,3u5t1q4c5Q5prsYykOW9Mi
Алексей Кортнев,6jbGt7zfwosjKNTWf1kBv4
UNDERGROOVER,1FcDbxvmAQfS6ztvLW5Y6P
igory,1TPZvujEmCbb9Yw7QwoTH9
tieff,004r2tcNVjzF5UeQclPhCW
Anton Belov,2zzIRgAwjF8dskcUr3hgfz
Глум,4guiPgtpVvupxz8ooWK5B8
Александр Алябьев,0YVUvbmFDA7BN81dDht4xQ
Depicting Abysm,2fV5rCYLxmU9jhhSXRJGKN
Vangosh,282YMKLzSEdlr1QVJXuIrn
COSMOGRAVE,7bAFRCNxIfKummiKhnTakN
VEДА,3qALLXDQSX3oKkIe4SbxJ6
нексюша,432rkAWvzoOEUgtN7UZfOj
Хмарь,1bPIsqLI9FAVDnr7ILCcOH
glexks,5XPRNCxTj3Pph1A6h4XTB6
Gherzen,2EKYazF6EIWluuFZB8yajL
FakTyrA,1eD87FGN51kyzJLLUfvWd7
Лиза Громова,4M3UeT4EgTT5yn2TLjdQoD
длб,5sUcZwHpvdUn4TyjqMMMfo
.Otrix,1rteuSzE6t6KBdV77uS3ba
Леван Горозия,2U2n1lZxqr0Zqhhcv7aqO1
Ninety,4YPtGSer88DeRpoxgJu1MY
Sordid Clot,14goyGoy267sEg3GJgLpWC
Autumn Rain Melancholy,24DFrXbaDdxD2guM5ALCT8
DMØN x ADØNEL,1Hd5TWK27tFOsYx2xqLyAS
Hovert,0RBzlYRptxq68zv5T8KFyG
Велимир Хлебников,2SxZzQsGjckWwj2zuqmB6u
Сны Бенджамина,3JwfRPU2NVpDuNJQq1l2WX
Vladimir Lande,5nKWyJ4SrEjMKMx42F6h2g
Bad Style,3adHe78M6m6ckGPkWrVIk4
MystTerra,7svd9tQE3FPHhuCZLir9lm
БЦХ,4A9nJrRnCnzn6N9IiEPy5B
botanichesky sad,2f3XC78V9AMruYJCM0iL7t
Ameriqa,66nYHLHWAw1VAyAWOe36AV
Nikita Mndoyants,1VOQNu8wdgQZkkEstY0UYh
Дмитрий Носков,0i18YYhguD78MxWfzFiFAN
Ivan Sokolov,0UJbR1UDK0sMrRQTtWmWTe
Amederia,30CXsFXv8SF7gCEuU7WdzB
Андрей Самсонов,7nhaOTcOuzWXz7tWPqCGuL
TILMIL,5P4OYRrM1BGEzjdQbBKrd9
Быханов сад,4i79mXZcZ6TqbyYiiskydw
Morphogenetic Malformation,4b7QlaJVzcEQwCIUb5swKf
Sin Deliverance,4hBYABCOpfUZLctDxpAwT9
Alyness,7MJmPeTP3ixYW1yTXNmkoS
Т9,3GthHcpI5G7c8XaJX2oWLd
Paul B,3z2Bda7HY1UyX8sDmUIJKd
БМБОРЧИПМХЗТБФИЭМСУНСЦВИТ,7l4wWbLmHa8KQPKzXaGLlg
Gmork,7bUK7T0vozge2soiPxPGj5
Max Bett,1dhQF1AvU0HbkvhI3NqeZA
Маяк,1HWXT0U1aojSTDEl8MYs9u
Лоя,6GpDGD5qrahn7HNztVtNYk
EORA,4tT5e6aqmYTEnqOykNPpCN
Наталья Загоринская,45XGSSNKrn4BHlfQCCFLnv
Liquitek,3fmAUWhNwUlFfI3rYiC54r
Fogh Depot,18yQZFhto5vJdWLCmwi0vv
Draw My Soul,42CpdUwDvv06Xu37Im2cLa
nkeeei,0kD3TUffiD0sPxGwygzjg7
Ylluw,6dJeCAbZEvbpbUZyN7OeBh
APICON,1TLdunZ2Hu9vWpjnP4Arde
Argument 5.45,7DHIrsqt5LWdoDbNg4Ix9G
Pavel Bubelnikov,6sRa4vFh9s58WiWN1PMrlt
DJ Nil,7mOcnsPxPzBJO5ne99Shx2
Юрий Медяник,5LtSXvgNXLoarTerMPW7DA
notnotice,7u39RvTKoxnKj47V2D2NMi
Optimuss,5aXKgnsvc9UgKNkLy6UukK
MROH,0DMkzdn8KS7CsiwTXfpGf7
ooes,0aXi5kveuKNm6t5vGVeUBM
NextRO,6Y63ciwphfXsHoWQOur7gq
Universalis,0UGboVeOV2ilO4f1G9ImK5
Fatal Aim,3L7krRNjC4sHYMdfiC1FE8
Алла Горбачёва,2AcTKen9S1egTKHXcbHjJs
Jama,4Afom7kCgUS4gi7SN9KQS1
John R1se,6WI08dgdl7ijFAius6dxRL
Василий Уриевский,76xZPIE6QwkpRizQkYCzLz
Папин Олимпос,6St8JkGHB8v3qtD7Srg6PH
Venetian Roses,5eBjnCRJRhOAQ0KN1f6M6N
Anna Tsybuleva,5KR6Fiu20JZXyqLH7PHn8N
Vito Von Gert,7vUtfiKnNYL3Iw0Dpx0uGP
Cranial Bifurcation,5zmxyIiVBd68w8jrBvcjmS
Александр Шевченко,5A1Jnl5vj0opd3QgZ90wYD
Kristina Si,6qqXs7lgi2UcpZl2PfEnpO
Gancher,20eynnxHKNjBmZ0CPiEZIj
Sonic Elysium,7wh3oeTOkTNXYtJHnoBeQh
Cool Project,4BuVqwbsYs7ZDbc5cftm9n
невиди́мка,793iuHlWU5g7wYztpuHDZP
ASAMMUELL,6qZoE5NzuBqaGSEJmt7HrY
Efpix,2nmEB56RYnf2JTPTJa8rT6
Особые условия,3zNmP4XwfrSj81vGnIxWiR
Ладушка,6SEpKu78jBOpOO6EtG7Ad1
Velvet Velour,10BrQUV0vmeyDvplV2wWQ1
Gosudar,6kAjBixynTe6N1bcqFUIrd
my!lane,5AEk8UqmJ2lCUG3xke82Or
MocloVe,2DGNMAOqy4LvrCxlsTXX5S
Unstoppable Music,13ikrWECta5k8wpSDtufkh
Absence Betrayal,1f7PZch5Ps8JhcKw3B33kl
Владимир Асмолов,0AYwLgSfuUCJj01jrAvdMd
Kashtanka,7L0LHyl1YsXThGf1yACl1m
Гласность,1ccZ8K80TDtTikSmIJfNu2
Sunner Soul,3L145FsGotiYCEthxUiwJT
Baltic Chamber Orchestra,54edDnaH16RgDKgozwxJKU
Rautu,6RAjggwom3h4d1CTM4zojc
Electro Planet,1ZPp7jTLAzsxJ5QXl1K9oI
The Burns,7lzY3cyvOPAoPjEwkISReY
Ауткаст,3VaTByVDDBYrg13DpZKc55
Dailiv,62RzZ01j2SLk4fxUU8WKq6
Sun Q,2YcXDwuCG3aksg0jS5WBRs
NKI,55aInCpux78rNm8bd6gwlh
Маугли,5Ff7gyvx4lg23PfetdYy6w
Unworldly,0CVD1jYtPtW8sbOnPFxw0R
ЭШЛИ ЭШ,66UOKMUX7eStL4ng42WevX
Темнозорь,7lFDl653mwOxoIQnE2TZex
Minuala,5AhN3cikCXyZMwhw3drxd9
Mechanical Rain,55ohgnj3k3w117BRMFzvly
Paul Kremleff,7BfmmfdDKTusCubdW0IihW
Владимир Игоревич Вербицкий,5xVewMVwvCzgypCKyicaDe
Alex Monakhov,0JRgxCHp8enkRq7Yr0tkTq
Vigel,72S5xAuE30pC3FHJHaz5CQ
Звонкий,4NEvsS6vM1CjGqptB9BxND
Myrrman,5aNJCOL610qhYyc7HgidEn
MIA BOYKA,7lC9GiVHVMSIGt7yCQS0U5
Doyeq,5wHLbKVJ5Pn4JW22U77qDi
Инь-Ян,0WjNZcwh7ElaNtGQNIAG0J
Интонация,5K9dp3qwBXndqGG8LuxqIn
Polymorphic,6n49tMPmc3iNT8MMNerWce
Sobranie 8 18,17BSQUEFfC8mMebIVsarUi
Вокруг Фонарного Столба,7qMN3WfMvs8okImrJSzjBf
Eisenwut,1WKPutTMYYMi7HyT1B06vK
Melon Soul,1rWkA7vDdKvW1jMcD0zKeh
Natan,24usPS6scUvbG7goMpZbHJ
Хибла Герзмава,5HyFKfE9ISfNbxcryriHsB
Vice Versa,6nWic8C0M3NK3s001lwqfO
ПИВО ВМЕСТО ПАР,4K3vi861rU4QOjvobdvhY9
Пацаны,7d4vXFWg1NJDbux9a2wAdV
Вхоре,141TEHB8lZSUmQvPKSsQov
Лёд 9,0ILsTyTdjWGpz7k6zmIxHu
Anton Romezz,0sgeQzrnNQ0jWsFFBEEsS3
DEKADANCE,4vvwNGaK5htxyH3MpHi2i2
FORGOTTENAGE,75eUSWg8Tt9PZLiFWjascC
reidenshi,6SdlxyPsQ3B0yYncFmDULP
PVLSX,1AewsGTHMNtcfdJoDaFXgy
"Son, Fire!",72EJb8wMdTfnu8HCFRCY5W
Svora,3QH8tNQulvuJBHtnbNnydB
Marselle,0na3epFXcuFapstetiYS6Q
Боянов Гимн,18kYnVhDqxvpATmLhdcr6p
Владимир Понькин,00ZQuVzCXZqCdlVUOZCH9S
Юдифь,1st22odJkjhFo4yRCETI59
УБИЙЦЫ CRYSTAL,0y2E5yF4bqo96GAEsk0frq
Aida Garifullina,7irTi8cqirW4rD9JV4lT24
Dark Matter Secret,28CEns7iOj1vjShb0zn4gG
Amonita,1bpbyzXfwOMIBHq6y02Nqc
Kirill Bogomilov,5barPHhePLBMa1YTEWdZiG
LöK,3848PUo9pEJNQKPCdAjNiW
Sasha Malkovich,1pspm89U3q45rRld56C21g
Korablove,01gDEArAkWJzOlCYKoLCKZ
Осип Козловский,2DNNZDuzhduruPHcVe2CRv
INTERWORLD,5hKGLu4Ik88FzWcTPhWNTN
Ensslin,2KmKN5YuNwot8zYEYOaf35
Panzertank,2AlwDd7f1XJH7WpU9UMall
Antias,7JNqFUXmY08mGFAvXkHRv4
Anya Nami,1A7NzAUPSwbUmfyGEmRM7h
Alena Walentin,07gorgl5Ba3MDZq3d977gE
"Въеби ему, Донателло!",6lXqYlDeYAxzPXuDFDAMAv
Spline,4VfPHAgnpWx8zGSugGdDAL
ANAZED,3Uk305Q7Tf5kEm1HUtQy5Q
Екатерина Семенчук,7AbbBPc6lhIOF9wPay9rE2
Windbruch,0QX97vQpHNnAud138ptXTj
virtual ikimono,21gqLNmFgqqefKESVBGIqX
Fragile Art,1AliA77jNRQO4wjRRlIv2J
Veresk,3hSaSOMhsBHvhYAnGjr8iW
Miyagi & Andy Panda,0hmUwzWBrPHpGWGrYH05c3
FLAYA PLAYA,2rrl5KoXZgF1QJOnQPdgao
Skoel,021nuPJKyRAsF1rOMmAjlg
Yenisei,6ThBpqqCXJI9ts8AoPkqXP
Biktima,4kSvMzzSMWSN555Zc8dKR9
Sagath,4K7kAAsdwnIHjgRk28OyOi
Catpilot,1m6aaztBF8RRuG4JJcROaq
Voronezh State Symphony Orchestra,2sZOA8zkKmCTc2KGhdQjT1
Thierry Tomas,1rkgEAOzeEk9ufScspMMUf
Kovyazin D,5XDVTxRFOF4nON5W4WdQ8C
Барон,4pUIY9WxcRAj0BHcI1lfEg
MC Val,79UvvZnpNzr97gvPbK9mJr
Rame,1L2FVMrlkJFpWfsg4LB5tr
Yegor Dyachkov,4YqGpFG9xqeryfOQ42Iu6p
Bloodfire,18AdMCxQQcKmL5NbIZYjV7
Grauen,0hNZMzu0iuPe1kC8XoAdRq
The Nomad,6AU1ctjc9CXxfAnCJu5Z7U
Байконур,0QRpVtyy6gPXrK5SIfuCrQ
Vector of Underground,0qBJYMhRuF9LVecVOcHPjI
YusiJusi,6z7szGiYtls40mrVTjOjh4
Crimson Butterfly,7HqW9E0uFcRhnqberAZ2tP
Loolacoma,3VvZ3cHoaOV0ieamsnWlDf
Tiide,6azLRDplJBxKJ8wnLwQ1ZL
Equinox,3TGa5U9uBpIQXoI2emyXMo
The Witch Said No,3OvrNpdqbdoOPiMKUdM1f9
Tip Top Tellix,1iAXjJ9jJhsnK3izFt2rLH
Rockets LBM Project,4FusekX6LLrM2urt43yjEp
Владислав Чернушенко,2bxnWcGah5s0CXlTdznGNe
Gruppa Skryptonite,52acIPZv5bDUfx2TmrSELL
Alex Mueller,6hPJjDkls4G9H1nRUqBPGS
Воллны,7JicwePFjrTsQusfRCaM1P
Seecrees,4eHVB1lgdLHXDxehNKrXQo
кассета кости,7Mby9oiAak4DySRQDPNcOD
Облако,6ka3CI1pcmHLY36AHUYzTu
Anton Martynov,6zfZ4FyEgkJ7jC4jKQNK2J
Lautreamont,5Aw5O6Gdri5ONTU6VsiNDe
Shaman,4RdlUZP28jGwIuyvJ7f7ww
БАЗАР,6uFa118DVPcBbNhEhLhhfs
Тишь,0pLMyhLN2hq3MWAjaDCuIv
Vladimir Krainev,63w9iyKaWT7BDt1sfrnlcp
Marseille,6HT7hkTFhcXNQz2K3fcVSz
Паскаль,5XDaQHUHkcCk0fYizacRGD
Дарья Виардо,50gJIJTtlCEvoHMY3HuLgU
Versilov,1XdB3yI6LmquY66IdYZFVT
kazd1,1RwZoMU0eSoUeDbJy1LQDS
Alexandra Ivanova,6Btv1DeE9Gymbb6k8GKjOU
ФРИК ПАТИ,0KzZ5LjDGSBTw14tSiqIW3
KATERINA,5EcSLRqj4lq4zbacatpZJC
Alexander Malter,7ku4vnPiSrXkUarPFjlzwH
Максим Лапенко,3QvxY4oCHlHFZVrEG7LaTn
Татьяна Терешина,50MEp7tOD86rZ3KPUsqHCR
Sewage Sour,4Y7oPtGljbgQ0fOarZXzwm
Vyacheslav Sketch,006ZADyabxpgKqMmh8W2yz
grust200,1k5vnHUStfsCGwTmfydJyM
TSOY,08dg9ncVzdKYpXnTB1I6R8
Pure Shade,5dIZSBfvVFtKYcWuVxLu9W
Spatial Plants,2iCOwi2i3zzlCjm5m4MtfK
Olga Andryushchenko,6HuV1ganVt1chASvtV37Dg
Leto V Gorode,53HS3Q2ycZ3mAyuy9ptXBd
Nemistade,6LQyoro1ldlpXkdMIOJJSV
Alles Wird in Flammen Stehen,3KgOWjXTk3qfui90YZOlzT
Bona Fides,6x2gIF1XizlM7snPuarube
Yuri Zhislin,73nyE5x0JnuIdIFckF1kNu
Сёстры Толмачевы,4kFmlgElSfMS3V773eKlMq
Алексей Архиповский,1Dy9kHll4W6GyCTBC4DCVv
Электрослабость,3NjfWBZqT3K1uEZhULOZXE
Kylan,2jwnZnNPyGGDGKrRTQdgVp
Витя АК,0ZOwmYD7AAgJd3b6jcyik8
Ekaterina Litvintseva,2H0tcI3VF012opQYljNAXG
OPIUM project,3xpJM1smsvdUVmrjSHUCCr
Tim Aminov,6jQNsTMdxFZugbha5suqHR
RasKar,38uwE7kKWgoLaTxmnq6QfM
Сява,0LLDeswZnidFEuD5PVZxsI
Khrebto,0fLTK12xF2IMaNmKMSue6g
SM,7kzwnhtwXI42sCjACXGs0U
SOKTIM,1FFNCrWAXZiUzmtNWCXYsW
Amersy,57TR9rGvnqx5QDkRtWu6GV
Semion Skigin,4YvgEucapcfoZeXVciDOx4
19VIII4,0QEJDDgWQj8CfMoQDwbnVh
Gotanda,0JUqLzB6u7vRvvjoBrhnCd
Shumno,1d8QRS9oXJPXiVlrurQSrO
Natami,1JfdWXPdPmVmKWj6dp4bAG
Corpse Worship,6kjcL2jSqGiwyDlDWRbDpa
Avguchenko,16Gx23ZBlbsVIvROb51wdX
K Loveski,28AJ0UNBFr7AIQ4a17HVMw
TileKid,7HaSqpaqnOWSaqvezpdhX4
Юлия Игонина,0qWAxusV99jCDt8dPD20NJ
Ра,7m3S6RL9ojTN6Tj6agViWD
Plastika,3dkKwi4HizAcVIDHlZP7zI
Georgy Om,1uervfoli61EVmRNAkZiOq
10Stage,1SUQuKu5XbbV76rVtr0gMP
Scumsters,4g0YtDvTif8lzKx7wJtGw5
flowless,71dR4Sjwy1ikQyYIcCWvxS
You Must Murder,2Xmo0Lx2kRrUTxdeu1dC7x
Alloevera,2F5hBkcNK9o43v4Ywu4wmm
Ozo Effy,31T1RK4OCz5gW7Aw19HWgU
Александр Гольденвейзер,3cELGThkXZt6s9N5jnoTOn
Petr Limonov,4UIoKjy2znMogM0ifdRmaY
Оркестр алеаторики,3ZwzMYGLtZRszFTuUhpSGi
Любаша,2UDI8ThENbdOq8QpSIlTnj
Solza Mist,3SbFtxXg6X1QQMo0JxqDIR
Reknek,050FcaKbg7VXcNgoNKFVR2
Yenmania,7lvZqEARn74C1S2cxGw1ub
R.A.SVET,1OhJuJ3Hvz99XL6hBGmv6e
M Knowledge,2MfKihKm6weOY7Jy8ecGiI
Hyggelig,3rpQciHO49M8nS9m2ONxLQ
Amalunga,0ByEY1LcMeQD7RbTmtBBOz
Sam Alien,4OPkW7FjRZwo3mwiUMVu4I
Naite The Maid,33MDiHrr7f2J6PFWbzZlcP
Biotomy,0HGDEDR7ca5xotmsisUTFI
KoruSe,3EdNJeTXrsR5jbmICchj3R
Бакурли,0bjSktuHQZ5JqthhDqo3a2
Sophie Carmen Eckhardt-Gramatté,5m5oWeQHi6K3AxSFNMMACJ
Отмель,25RtYmhQ4B8diWd6I5Be5e
Next7evel,7tohXR6CH3wqWsTBJjS9Of
Gennadiy Belolipetskiy,5C672RIZiMmCaPgC1yOzH7
Little Pets Lovers Club,3NPTVi5ysxLaw0Fh9EGeWT
Fakeholder,2V1o9KUxmueuxXkVOdOqZF
D-Sabber,1xRI7YiIm2H7Gb1tcczHFz
Ange,45DAKjP75PliFrShyC0MDJ
МЭD DОГ,0uTYAZVrRrjE8acaJCF4Uo
In Progress,4GeYCBlQEQRv0hamH4uroj
Eutectica,4mBW2DBbojgU2NvUKuzABr
FX MACHINE,2DnUpOeERHovpEAMw5R7bE
Мой Двор,2NFgae29k0rGPhlbA5MMsw
KSB muzic,7MC56NMQNbDk2Xwwc9Wt4p
Юлий Эдуардович Конюс,2gzaxUgQapTZwkaBZXHMeY
Alexander Kobrin,3QD1g61kNaqlxV2D8ZhCkp
Nikola Melnikov,4vMz3OTFcyIvn1XG8zfRAf
Abrupt Gear,2kMEz5Fg9nNlcAisQJKNcJ
Yokaze,0z84yA2Q03niPn38sfUhAC
T-Killah,30ylfqYtMbJifAQq3N9Ove
Lost Radiance,1x4BUnCawdzTxYvdPgmbf2
Гоша Куценко,1bqX3GXTtx28hvjGNiwCcH
Night Blaze,5ntGfVWZneefsdncVioaaL
Brómus,0dWw6rLeyYMNkmH4V5yqea
The Same Persons,1SKUnjg9pwBQoIVNwAj4YJ
НОКТУ,2v6GaSNP59gveGospk6sBw
Matt Feller,6YyLKa0ToSgKkkMOwUhpi6
1ODUM DEFECT,3AB5ogWmcHnhfugDHCORWk
НАВЕРНОЕ ПОЭТ,2UFiYCu1iFIsSqMXlDRzop
LES ROOK,13laXybIzHoTRPjBCxAMGn
EVEN CUTE,5X5ed1yf6Mj5c1qH4UdKG0
ЯКОРЪ,3dB8xZiDMYl2yYucKs9QOt
Кот-Баюн,21B7nQIi4nIhXC6f4VKDjn
"забей, лерочка",22M3L2InRzyxRZOtd51eRB
Татьяна Котова,6slTlDE46Q2BLEKLQSHCUo
Anadora,6SMTAgwqInGJTXNVyseY4V
SPIRE,2EgEyNrqYb96r1ZgsVFFxe
Sergey Malov,0zwshPb1sxKfD9SvajAThR
Yung Trappa,4mWdGXvLBhz5i2Qe5swRXb
Sevak Khanagyan,4lRnYcH9sIEXg6vOyWbehj
Etane,5CceJwEPXulxqJUxoruPJv
Purification System,6KtR3QHeGRbKH4ibgJZVml
PALC,5kZeTjvW04yZMdS34gVDq5
JABO,4VpioLKSHtvY5xybX0sFpY
Влад Соколовский,6xyZPglTnttelIug3zNqH5
Sobersoul,0xQwd1j94MoOnAAEvVCvug
Альбина Джанабаева,4zFfzqqLF8ZPRIirvsDsRz
Таня Анисимова,5XmzcguryovRXLUzEkBACB
Миша Марвин,6zgKOaA7tWttJS7JMdiCbh
Cripplingg,6Uabxqwzp8MZPLDSQwOpje
Alex Terrible,5imFWt9rzlx5iGqS58ArtO
Под одним небом,3C7nltefADWbV1TLnER5fD
Оптимизм,7JD0vOUSMl8cpJrKWPAhAz
Senpai,4IOj96bXViAB5todauLcP6
Aesthetics Across the Color Line,2LIbt6rXK8cLvUImb6Kpgm
Lunae Ortus,2VgGNXU30s7x4MVWJXfFyZ
Палисад,3Te2N2lhXs4nDEBZLnGHzF
Андрей Петренко,2hhNwiu7okIS0mtd8iluiC
Not Now Please,3f330dgm1dKMxsVZHy7M84
Hypnosense,1EqX9erOVQHCVlAwGihPS2
Neoneez,0mnClW7bikN4zJcHdUHn6F
Stas Exstas,4rlWmsbAouIcKV1V82peDP
Anna Volovitch,2vhNfK4mgMmKEmzkHGImJq
HOSPICEMANE,5k3a4j15fF9gr4ZvCqMjDm
Anastacia,1yOLzs33LFFC4cNFddBVcE
Inkognitiv,5TLjUuXkqOvE87bpTTUY3G
Lady Waks,0F1sGGOrJ0762Id0ES4KHj
Carrying Goodness,5Z5A85ZUcVJDRlkYmKR23l
Сергей Куприк,1fpc0waulI25ATCnhM2TYq
LAPPY,5MIujWmnLuG49mO12CnI0Z
M00NCHILD,0MVRrvtxcsYq6mOlSIKa96
Хали-Гали,2kxL9MSncPo6nPZD1iMJx0
Arina Mur,3xPmeowtzXszyBWz4DKKaJ
Sergey Semenov,4Wm7c8AkVkrodaGdkGdgXI
Chervivi,5Wg3o5rWodOD8VJQhTQQ91
Yakuza Yaroku,44s86wN1bjQmM4L8bpq4ln
Vengerov & Fedoroff,6NQJpGYPL9pYcp9GzKeVmU
Eleven Fly,34qu9X2o3eh1ly1VgbGbuK
Glitch Lazzer,7GJrkCaRK4dcRSWl5Jg6ST
культодиночества,0VGyIJHe7zbBJUdLZ4VbXN
Morokiri,7z1JEk5zoKNRnqrShRCPLN
Smoke of Isengard,2Zw9ahWBqUTXQNKFQY7Nd9
Jordan Agro,4ZsaA6DBIU2NyZnH9CDlzn
WYYM,6ipm8FrlsSG4WwPnXYNog8
Dmpv,4JgYIs46kTfjWj79QXvkiC
Ksenia Milas,37rqYnchR7lrrsuySx5F48
Saint Rider,7vXKnHEg6mqmKC3qhNjAx9
Adam Black,3DXXd9XpwDjZASkeAZkUFm
BLONDINKA-FM,1YRAZHPtxNuIxKEVoR6CSw
КраSSавчик,0MFZbfoElvf9nbDbSKunM2
Kairi the Maid,0N0yeo1vDiEMVDWPFXGWrG
Speerax,50gNqXu96G4dDClg7LoM6P
Сергей Безродный,5SB7fgTMdoI0NbO5uEfp9D
Victoria Ray,1iGvrPGyvRpOGSgWIPH2eE
BAPEZAYKA,5Ne8ooH9vj3EA6NJKtHFxh
Wilee,0PszchiiynrfCAwjdHdN5r
Anderson,66YKdMb9miQ7t1vTtYCOQe
Амон-Ши,249zol3SwnMqWP0dFdlOYF
Lurmish,2auT011jEBV2viu2oRTmGh
Nikita Valeyev,4I4jb5SZHyRKzXkt1PGsf9
RASA,4md29VFrdmXz1YYmH4u74u
NEKOB,3tMMTfUIzDEm4qxPMrV1Mi
Splutter,7gLhHWy22zWmhRSbmDuPsG
Сергей Бобунец,6YorQafkKpZZunrP55N2x2
Dante,1C7uc1Nw5y6ZHNhnuMpK5u
HEARTSNOW,7999NGEoCSbZ9UirHPDlql
Pevitsa Poreva,75VJW6w35QDVpdNOmRdiJn
МЯТНАЯ ФАНТА,7EBk2OjCTFeq5aEPwu8ci9
Девственность,41GpP4LH5Kkvwj8anhdr0f
Yekaterinburg Philharmonic Choir,4gVtGoBdtGIbYQDTCGkPeW
Gress,3syUzJVGOFtfucBhO9icNN
Aevum,1x56IbnLrly21JnQKzsN8Y
Sjøtrollet,4Kr2vtxgXuAXTpZ5iHRsb6
Sputniq,1y1nxdhdynM95AfdVKW6Bq
Social Discord,7pu6SmM1DHn7904vcC6aSx
OBLOMOV,2u8uo1PWoTl9EVlwEtRCwv
IIIROSE,7AQnfUxv1LN7wG0bxhlZSo
BLACK SCUM,20ITZvxMtXocFUf3v7kvNB
BLVCK PUMV,4aaNIKVG4UIDzZRuxfISmR
Volkota,2eyT5CAxdPGhaqTl6bbkqM
MESHAPI,4ea8aZ1hr2yK5s3JnaCAh6
DENI,3MfbhOiaRzQwAoJivlBzu5
Ардженто,43511Yp9MrJDGMOLnQ389q
Владимир Осинский,2FQYsotYr3dJJqIDAlJofH
M-XVI,4dqbddPspYBgHu1JlIXHL2
polarrana,0OQ1ShLuM2HFheFFvhuCFd
Anastasia Feruleva,0syPXVX6EqPtZ7OUCANcVB
Cranial Osteotomy,0udqAUDigzJruh9yO8CLCW
Владимир Матецкий,6wOVAkr1hXhsfqaUXxOZFd
Лилу,1lKLnFsUXXJM0mvzV4GUhp
SAMADHI MAZE,3srj0y2kB4f803M0MgvDUK
Arté,7iZuUK2YDvSHOxqNuY0mZl
Tophet,7v8fDt2rDOWGn8W7JZdJUo
Дмитрий Васильев,67t4s78GnUQeIbcr1rHQ8L
St. Kraut,5qwL13kwcG4qMTzvIcvRC1
Trance Reserve,1MjJVnxYzps1fQaflGAThW
Kibo,0h0JGRpOolIyeaE8nmYKuQ
MYOMY,79hHGebmBTm3xInokIkxd5
Maria Teriaeva,5moxrCqd3wflrUV2TYQVUB
Siberian Symphony Orchestra,4XtkFkWonZ3X9sqJpnpZCg
Квашеная,63xCQmfD4SELvgkR4pWQl7
shadowraze,0TO6y1x0LQodwBnxGtQu9o
Boom!,56t426yZKhD7edwG3F2for
Grisha Urgant,2wL8hpqbBjtQV8LYLSVcMx
Brain Crisis,1iCJuoT6706a58rsYk06lg
Toucan Die,1SHbrFcz21ZqO2bkr0Dm0m
Yuri Kalnits,3BWuzLHs8A2AcTV1OysDaG
DMPR,0sgF3d7Acxi8Ov9xhXs1wV
Planctophob,0XAmKCdUIBUPAGZpT5rIKy
Mona Kalina,5HnCWsSHIdReISuLCStOPL
A!KSLET,4jPeQqCuenzUjbAofi8IA2
THREEXEVIL,35q99eN3rgXVsCJZNcEaek
Екатерина Мечетина,03TJ3KZ7ZnXeXl3fLodL29
Канги,0R4IeWuUpTkmca5hnS0j6b
Чёрный государь,5GAiAqdjnqdRFSsHxMw4nx
Roni Rix,6TXBPLParAbbbXbeaeFrSD
phobi9,2A1NLa7mi1ug5SAvZfevaT
kakjai,4PYhHzC8Oxyc86fnRcTj7y
Fonetiс,0ah8u2bQuOBWPbrUjsfCax
apollogaze,6cUqigd31uLU49V5EbIm2m
Магда,4AnUdPYAtiRmrxR02tlStV
Вне нормы,2nIOS0CSxIKhxlL9OTBw9U
DJ Sensor,442o0zuObXVlDpTHzbYwvd
БОДИ,2lgTYQ7dPlmO8WsO1ZWB2t
Slim Line,0ygfHbvqHk2J2cCxhfwK1j
Павел Кушнир,38h0k8eCFgwacJonKyBdxs
Сацура,54jeHc2mBXvkPtANwnh2CI
Other in June,6wCJsXob8lkc9PTffIxWLv
REEESONANCE,59tdrLdq4WJWrabqKRGwC0
No Hopes,0kfz7CWURJNQP1tZnSOmjK
Kirov Reporting,4A0P6ehKsjOutXlu7XAojL
Райтер,5h9QKJm0pDErGRPLERWyBW
RockSaw,2maBYDmyXLvA2vxPlXQY3s
Diggadgy,30qwm8zfG7tWI8RI4OUuG5
UnderWHAT?,06uCZivPZqbWrbJYN5XtS7
The Rinn,1UTD7THRKLjBqKGNo9YdHC
Вольный Путь,2zVKwuK9CR0E0tSGeNONZ2
Павел Хвалеев,04mfb9WF2sttD7r6SWMYRk
Rimma Sushanskaya,3SoFQ5f44s68m0i5Kj78xB
Deekey,1sMpoues4n6d0qXFN7AHdz
Delaitech,2j5gg4S7J8lkDrT3VI3z0t
APRS,5UfFVkDnSGvGyckfEYgque
Hands Off,07E0KAhirI5NnMzfK4y7xD
Make One,2IPKyyxIdXXsr5ftcvsid4
Laboratory X,2Ck6bkBLH0yHuo5ztxAxXQ
Ls.Den,2EXpQR99dU2F2QWSBi77J4
Anna Zassimova,056uegbfDUHy7y8cLxvA9I
Ирина Богданова,17xYbgN6Jz8aKqDC9JDe41
Obidjon,0v8E4lvg6NmExQvY5E7ZF5
Midix,6Y5o021VaeAm5iRncZhLei
Александр Лоскутов,3gUdn1OoFJO8v3m2e0D1Pi
Noform,6Dqv6vo7RRZYJTzBJv5xfU
Ryudzin’s Lore,4UG8CtFo7mLxUNX3MSC6kJ
Key Lean,6K6sUlUjbKHZttgHyIVpzG
Hate In Hands,0f1TRKQ6eRm4XCA9ougBfm
The Bottans,6jzLpU7NsMKYq7FPcEgTg2
FROMSKYTOABYSS,7jFfXfSL3H6LKOvjN1RxVl
Indecency,6DzSlKRm2rZM9OpJBq5FDl
Хорс,69bZjytjbZWw0onCO3ah18
Gostwork,0MUPjYye6fiACJNmhItjkT
AYYO,5I5NSk5VWyGPy0tBoUeLg1
Crowley,0MGyUwSTK0AG6usQ9jy46W
Wilde Simon,2lCbb4hS8TdVZOHOwk5eQi
MADAM HLEBYSHEK,6aCbUQJMb6C0ZLdK3RTnmM
Pavel Koreshkov,496wgVtBD34rLZ0TNOWjKR
Дмитрий Спирин,0v1aOu7Uj1wVNyuhGRJpjz
A5,6sIwkAadFAuXfN7rTYASVZ
Neon Lights,5iSfh4ArWLtiuXIQtcF3tR
Petrovich,5mtsmVXsFtAmREpnaKG7Pj
Джаро & Ханза,2mU9RFNN2NhzpR7vXK5DDt
Fleece Flower,2lDHWbD7UvHPYaIeMyqjja
zxcursed,53fwP60M1QNPDiXALVMeOs
Mikhail Korzhev,2liX7UsE3lwFUx0cYa3Ctw
Cylriel,2lirEgmj90T0T34WR4VISI
Подъем!,4c0MsnQp4W1T2up6YXm1pC
Seva K,3yHjeTFnTTxBiAJsf015CO
S.K.A.M.,05L5C0VLUsVi0o3DoAzhko
Advanced Dreams,3WVrGT3RhN4Qt2idadlgAc
Юлиан Крейн,6n6hkBHBzoUgqPmPPjpWot
Mysteria Mortis,4p05ZlnA5Nl04CMAI9ojiU
Наоко,7jiH649DSO0HY3LPIHhACw
Юный,0qCmRvEIHrkSoypEpwYCpU
Mozee Montana,7z3JyeqjysqjAWeyJTaXOy
ПУЛЬСЫ,5YVbBoPoZQQe3DQZ3iqSgU
Jail Born Jane,3z8sNMIclztJ35lYsuIuQa
Ismail Dalgatov,3qCmI4aJcoD0EiEjt0eSV1
Earl Dany-Grey,0hRGcRnufN5zb0CTQ5Zi92
Девочка,1C5yrmsJSrWXIChvXbG5qO
Академический Большой концертный оркестр имени Ю. В. Силантьева,6x6YHdeeljAnHw78Ar7od0
Evis May,6Rdk9N4G4wwdla1pdQbX49
walkie,5rzudEYbz6GgXCK7QN8x7b
Low Kick Collective,6ss5hzDb3lJGYkUprAaGQA
Druknroll,0R9JZamgm4XpQtMHwpXZkC
I’m DMA,3v5Fnk4Ndo6TlWhltaFdp6
ЛабиРинТуМ,1wfuGSZlIsXXyVcRjKoC2G
RuDy-y-y,0Z2FK43ADK687AAEJxbsaL
DVRKLXGHT,4tfNkqJHj0rmRuERAZJDxf
Алла Демидова,39PGtJqDz2uYGoTf9jgZYu
Xcho,774od4b04zDMQMGxrJDeuB
Sergei Kanev,17pAcHQqteko4e9frK5Wni
Grotesque Desecration,2OlsYernKIRDXlDiIXORPj
Embodiment Elimination,1aMu5CAUPUo2w35E91ysMw
eelison,3vL3hN2UqWzZ4S5WkP7Y3I
Uprising,2VzI0dBKrWE23QUc7sY4P4
HRD.303,05BXwKwaZbKMGPpYi7ntSH
ALEX&RUS,3KW4FoYGtukfoyZK8ifDex
Морок,3RHSG7b95wocToaE6p1afp
Hopelake,7Cu7Vajy61LQw0Hir4B3Cl
Виктор Александрович Пикайзен,697lnnJ1kmeRowpCmPrN7G
Vadikan,1M7qoJGMTaVDPMxhgTeyxy
Dorothysays,6JCeRzbuw1rX7h5SERso3z
Len,5a192UEEYNCmDJ6BFF7tvw
Эндшпиль,35m8HjyHmGQxAKfIBVHZpF
Visceral Disorder,41uA0fUKYIgljeFJC1X2Ev
Astrocowboys,26B3LTR0T4jC0uqybGfeky
Stvore,2EAPYrri6Sj6hJY5beEg68
Morakh,0qjbuN7X5vrpyvWliCqtgJ
Space Surfer,5PFYqMfOmVA22xetj6kwKq
Arcane Symphony,1bSbfGhptJxNrpJ8fUWbXn
Rusted Nail,23EI5X8dD0MdXv1ej4JCMe
Morgenstern,1m3PD3N3nJgPYQqJWAzpKu
Александр Петров,2MvYlis7PyQgZcfLBJE71y
Maria Solozobova,0LeyIRiGxlpIg2jUNxQmVI
Ilya Kuzmin,73U3s2F3AX0a3F4wJEJCQQ
Mindwarden,7vaXIDf5GRkqHNXuFDZrv9
Crypt Voice,4e9QEdIHO8oz5dLCbzuM3m
Mikhail Shilyaev,7iMlcKhKQK4zovtcJDpc4I
Александр Розенблат,15IDvm7vU7yN2PQGHkgcP5
ELLA,3Ppw3oP5nRqYhoGRDvhuUr
Павел Гомзяков,3UfgQyRhmdAc89C2uQFUSm
Максим Галкин,7CFMfCLC7QclkW2Piu8ddN
White Punk,19AYVxJKzrvbJqJ1L0RmCi
Jiminy Hop,5Y7PFR23gT0AAHcFgp67pY
Hospise,5YYoZEXcnBXAfWKVQIvRbN
RUBY GOON,7cpD6TqMuJBbsQxN9NJcdy
ASTHMO,7ms9YCyNlnr15A3pjGn9lQ
Invold,6418a3TzNe1ytXxrsHmwPU
Lunar Vision,2CDmbjHWTk53OC3fAi4qEB
Save My Name,1Jn6cRm6hQtoios6znLoHu
André Parfenov,5ffHih5FTED4zqVURTeWwE
Пена,1lRavUA4f6CWfXeq4PX5TB
Ai Mori,5Rq2iSNsfHWBZzTu5ez87D
Denis Fedorov,32zLzCQCEDzHxShCU0K4uH
Acedis,6IlBT9z3c2JFdjHonDrng6
péttysnpy,2rxQo3SAT3WGvjcv7nlk43
Time to Meet the Devil,2TJeN0YeyhS6allx2eBDvB
ottenok,6EOyI9kjO96pDwrFWBsh8v
Элли на маковом поле,6mlRoShVf1DHo0SsntzTkr
Nikky DiJaffy,3c5fzxoMT7LRNhgrWMWrkE
Beatdown Heroes,3tvZMDuPddWjzOoSQmGB85
Ronin52,0JObJaIrDkLSgAMpOC99mW
Мэри'с Вирджин,5BspgWaAiT58BGyp36kfMd
Deti Nosferatu,6O7oOKkgmJUKgJKmk8IgNb
Radiomaniac,23I7vd8xZg4qUN0ToCNZoG
My Indifference to Silence,3t48SzXyVrtNzQdd1HGxQv
Анастасия Стоцкая,669H31maTt6CHM6MJB3Aq6
Shuja,2Zsw7GtBWCcsDec2cIGyBZ
Custom Phase,25wLhcrELUpcQ9BqzBhK3s
Reine,2HLUuTYI6dkAsb3C9AE7CC
Ваня Аладин,1SYykpXOumaAeTsk0XIKz3
Юрий Наизнанку,6qUr7x9c2PfO0nquJLT3gH
Alexander Komarov,2Fe09LGf8KZs1mBkFwxaEo
Nick Rouze,6v709YcVpmYcSAwdynuGLY
Lina Mkrtchyan,2Q2b0MixfFcIQ6OfiAaVSH
Dmitry Ishkhanov,3rgy5TCmpKGrxnvgb6WMI5
Bagdadski Vor,4a1OfWA98d9uUQzW4Y3NPJ
CYPARISS,1GzMtNyLiP1oM7yW0DyRhP
flowerdance,1PhLdkm0ktbWffzXSafpU3
Ormatie,0sY4tmIM40H8aTwyeaWDa7
Sayonara Maxwell,17VJtYVze3wIhhBs13TVle
Emptystare,60hYy57VVUi5hqNGlLDK6n
DJ DimixeR,4ct46r2TLbnm4Hw3jGQEok
Анет Сай,36zuRyk8TRIW3TX6ocDcZU
Варшава шлёт телеграммы,3svyYswRYcxcgJXj7QmWmG
диктатор uav,2p4aahz9e39CayMErSlBpK
Шрамы,4B6EOgTarHWF72l2DTBqSX
Rillium,4qAkYv4ZMIUQkMOcSB3zQI
Мэнсон Флетчер,1UEDzHEEdzvktLhUVt8tMH
Cosmo & Skoro,5cF3C7YV5UCwODmFDcVhOz
Субурра,1GqKmYDot3gM90BIyldbaH
Мало,7IzTfSz8tsqcLlC4FNThPm
Ayzen,4fLURJD2wa9ssiy7qZ4APw
Joinnus,7y5eQxB9m7EffDL7qm6HzN
GUMA,4yFkTmeaCYPBuKpzaEHelE
Pillface,50gz5pGmjJut4NfwlcxGfM
Наталья Герасимова,7M1z2JLKxmHxOSfiSoH8WZ
Владимир Шахрин,4c5ZdXgMBSSCBhRAaFZBTA
Культурное наследие,39G6ymhOwIrQasA6dMiQ9S
Бред с трибуны,3l249VC6YkMfYWI87Fujxh
Voice of Midnight,76tQewPfNBfdUl2xR65B6N
Abnormity,0bwbzXlghtEFzJBlD3wKyS
словновчера,32K9l0nFJOa9LdGGx4Osr8
Ashen Throne,4yH2XLj74pBR9Ft4WWmcTJ
Kirill Kuzmin,5L1pXW2tXbC03yXsjO5PbF
Ivan Grap,4ZprrKMAFB8JXXLADV5nMe
Neverhead,6bwGhzBMQtRFcAbq13vgmx
Константин Легостаев,6xIA9weMJaUvc2xOqUx8fm
Александр Меньшиков,2Tc4exsleDLBlOxnK6Om3B
Алексей Наседкин,5Ev4NSgDerdfppea8w3SI2
D.A.F.,4KtyUYo9zaM9YggIVc7uxx
Syntouch,3eTFOH0fKHRKiOlbDaH6I9
Central,0rYtryPmwc6ZdqwBhHlmE6
KARATE,61LZOnjSpENw4S8LGA05Pg
Игорь Скляр,0CS3vgS9XURba0m7OvCPJv
T.Svoyak,6W5QZsRZGzg3k8796wtmiJ
SUPERIOR.CAT.PROTEUS,4uUivBpUtwUlmWuLTkJrPV
Саша Скул,2T0pvYWBfI2hzA80ex6unR
SAVUL,7doKlybGmFmgCglgnqWrgO
Новиков Прибой,4NVSXz4PV8GZQUwM8TL4oe
Necrotic Cave,6a4pPeHBFwhjZXRBKzkC0p
Robsn,7Fl3baf5jzScHypsFsV504
Kirill Torno,3fzaXkKQUAWyOgONnZfZSH
Auratech,7LLQdlhuyH3ZLfq7XZB203
Elizar Mel,4PYXi8HA16V47fcEHKFq51
Judgement G,6l3p91XC2WAKJiWuHAmhec
DemsikOne,7M51PeWZhNFD9EQ4RLkoE9
Alenka Star Be,4MuU8gyCvH13O1EsCqWDVS
DJ CHANSEY,4cysd1jTOlqh2vdXilSsoI
edik_kingsta,2E1jmniN61CRa00Qmgv1Dr
Geonis,37oItBhY8oXu5OsU5a5TM6
липсум,2924qZiGIQKO6Zm4v7ov5L
5l33p,1JjSBnVH2QnmXFBmaIGdjq
XARISTA,5yxsMZdRUQtcRNGbQFX4zX
KILIANDXRK,1zhiMeq75JBg6nII3zC2sH
Марк Пекарский,2woD1yQhPz9sjdL38X2rPd
ГНЕВС,0TtFRqD09aAyvfAVTAfAGH
Toscha Seidel,0eMmC3BXg86swZmd6vkvhV
Nopopstar,3WZ1Fwoh1f4TOfp8LtAxzC
Альбина Шагимуратова,1SzH5vQONewximLCAYywxN
Moro Moro Land,6ISKQTH1BTAGi9QmkCOFOz
Владимир Селивохин,3iNDQpoCJbApvHI5hsEqdV
lissa,1ZyC5ZSXd4xf6DXh0tiU1z
Владимир Котляров,7DtVTqfsl8AtKFipdszU6D
Дмитрий Прянов,7iB0LLgDDpnrGPV8nFr0Bu
Sharliz,1nswGq0UWNUQvFPOS74U62
Beverly Pills,1LkH37rSVZO6XNKBmKM25I
Jacob Katsnelson,4DlvfartJpmgcV1YFxz0P6
Dark Faders,4Dt0E9VnQzbqwTefDrlBiC
Anno Diaboli,73LGAnI99iCOw5toMm39Cd
Побег,3NdqUeCvp00h8M3ybo3I5R
Estintax,2Ty8adhwXGFtqXZdBL6bS9
Magic Look,1ITZUUn9d8Zy3yANrY0WhT
killanoia,4Xwsb6LzVsThO9PJIJb4EE
Виктор Калинников,2qDOWv9kh5GwZYs0H0771P
Boris Brovtsyn,0nS6yqbQ1ZGp65SygkOTZR
Absurd,4K3qvAlflEcPJEGsRZXtci
Экранка,0FxzWlG9CpkUtWNh3F9m49
Get Cold,1mfAA1rvbPMZItdCHV8tu5
Terya,6yL57z225RXgD5vEu3bf2B
Bara Nova,2jzbYdD55IHAm5Rk7RHoYf
Agbo,7siPyNcNZGBiQw2nVgR9UE
Cola Koala,0gJerQl4mZkWXQ4YYQ259w
Bite The Goat,11PF4sDTX6EID3WZZAellu
Sozna,7doJAcDqDbEEwjKGLgfpEt
Karna.val,0eliZGdPRZ7tUoWd33maJC
Bai-Terek,7ykytpl8BOl3UqtyLZUl6a
Shy Baboon,6avFwlvVwfIA6uz8OAryva
Viliam Lane,1zzWeAcAxFgGK44tsRub5E
Юлия Самойлова,1VxM2eQ7fzUvCHmZVE3Hnc
Yung Drug,2yXUSWDuntUfYdkLIbWRkl
DRUCY,6QYdmVN2Ds1DOUZKTgVPc1
Narvisa,4RqcgmAmYAFdMC3Yg1JnIz
Nikitin,4miyCxq4C14jIEW73PoHmC
Dead Man Tells,7fCBKCoXzn65uwiuE1YdzJ
Varhara,2seSzLu86h4xbuOf2dEehl
Алексей Богорад,2qTVQLzh3KQsUrJ19gYXXX
Panacea',72CR1Bq8eB1j1Bl04P1lP2
Playa $in,1kWfPU6lsTv3csL1Ds0iLj
Nulla Kaya,60tb3BN3N0ef4jFTkMzzz2
Radiorobotek,62WRQx7fGkBiLkHwSHJbww
Механизм Хиггса,15MYIysyFerFpMtvh9KH9e
Эльбрус Джанмирзоев,4bnu8BeqS4NtzlJ006evSr
Anton Strelnikov,00L8aR4TdJwoMsTHQxhhv2
2Gross,2ggzjLhA5qU4uDXo1GUw6O
Rezone,0q8sqjhlYCJjlcCADGTPiP
Alexander Naumenko,56K4k8vxqZNUALnRrmqOxS
Кирилл Коперник,09NBR7FOCvIbMCMiZDOiqc
ROIK,2MZXJHiY0UiBAcmy4xCRdV
HammAli,6QpiYjzVCiO7063DWLTII7
Sasha Fashion,4HWXQicLGR0qJdDTMV41SM
Medroq,0vcDUxjvMAX8AgW0L8Ogju
PROGroyal,3vA3shSaOmlGR3w9tbrCJX
Hyder & Ribo,14Hho9ZCSLwOucIMr7hkDG
Stanislav Soloviev,0CTjvv9ntiE7kSYxcIIEwE
Мария Зайцева,2ppmzLdHj82EnmGWVdSfte
Евгений Егоров,5nRDnTnQP4XhO6yzWR3DlH
Diskette,5lvp4OIWg6jOnrW4Ud0ZnZ
Дубас,61xWuLMeny2ExRGNUWoWbX
Acrone,0YJJsG3EO1kMR0ZrD4JHjg
L'Duo,2sLW17p3egxjdmARwpj45V
ᛣ MROK ᛣ,4VLqgvZUnXiZWcIwRgLo7g
Still,0H8W5Tl3kcRtvFWS8ZPiFV
M25,1yrZWjwgQIv9oYY3YRaOYK
Александр Марцинкевич,1fXloTxiDviP5vGOofAciO
Sergey Galaktionov,1Izi9gj23zO8JG6HM1UpUY
LYRIQ,2vggePK4EeOD8UkZxGNNGw
Неоновое Порно,5olmKFkWVlYnanH3fueQPs
Сергей Кравченко,5mJzh0QS9sEA4a4yAF5am1
Unholy Slough,2p6a5Gi4dtL9LGp3aBQr1Q
Yulia Berinskaya,3emU4Nw3M1BKWOBNuF2Pk5
Twin,04xlDQ2RhoOYISsIcP7ia4
Inkeri,5VhKTZzUG3cGepJvtuAwjT
Наша Таня,1OJCP0hgd8wEoUDGiI3LfV
Avega,6GQ9jgNKCrPSRZ7LspvGOI
Zreet,75YoevkygpVlwgX3kwCGBA
Валерий Курас,3JsPLCo6dvrP7rU0qsE233
Sempiternus,1xNEirpwaXfkKpOix1l9yx
Роман Либеров,6MfhiyNEBJPL56kGajDzEi
Viki & Jull,5piuqJuAgVoje9aUC6p05S
LIXI.,2JsQrIHU3kp7DPCyjh8Pyd
incoil.,3ps06MVY2gNhX6fK3fQdFg
LONER,7kC1m1Tu6RjBdatFcisxZx
iendren,7hBDJbtQTm7DjE7MF5nyGH
Nevername,6THONxXB4MW8rMIYBMlqJ5
TRKDADDY,3KWH7J7DDwyfeRjxufEdDM
Misha Maver,5MEGYVW9zhmfuwoNohRh4m
TRK,3fxM89VVaWVnSimZ9RGERD
Вениамин Баснер,5Nflk8NJy33pNpgq5fQEWM
Timo Camillo,60v2Cn2xCYEKogejkVxUGL
Marina Mescheriakova,1FbLTpOJ10VKZsleWBBBqi
Александр Георгиевич Бахчиев,4lGzcYt8Ds3slVflGq6UUX
Relanium,2qROcYqTtnhq2HlVi9PGcD
AlexeyHD,3C2VZ9BMsurfKH6KHUznJa
Владимир Кристовский,3Pws1lLmtT34mGnNSZbRaC
Kali,0j4z7kUnuRChYom1rytlQY
Tatyana Kalmykova,2yRDg9eD2z1c62WQW1oz6D
Tevelision,3w0dsxNBUHkdz7Ppj5u5t0
Jan Rautio,0snxkX8aQ0sK876TcYD0bs
Mailky,2wQlRgnObFRX3QppwWsRn9
YOURALOBIKOV,11Gnb6Lc3oktkgymxsCYzn
G9,6IktcqsNPe5UPKjVNrrpCU
Pra(Killa'Gramm),2ZKhEF5HNx7Q5DgOlJ9n1O
Extravagànza,2lh9BQICKxAEpjVTwbG29J
George Wonder,1ixUkzNMckS7Llxh1PP9p4
MellSher,5c08Ztq2UumkosVtceptAc
Dzambolat Dulaev,1uFT2PBrykxOwlu0I4RNY2
Элина Чага,6svD2Nn4ZjcWAzKTPRtl5k
ERBES,4j6LCgKSC3VB5n3hEpDUsk
Western Sea,5hk43qufB8bPFH6tpOF4zM
Cashew,15ouNMI0IA7d45Tez6JbRw
Сергей Бойко,6i41x0pMW4zqfpUJUB5XEY
Nikolay Shugaev,1hTZ9Aaoaq25LOMAreCckB
Junky Sound,1Jq1IoFoxyjw4KF0uNdh4s
FITKA,5mhn9RoK95WtJ8jMwF8mfn
Tom Reason,54NiEn4LMdvNUJ8mia5iXD
Kir Tender,1K7V1m1LbnL8DjnjwxuJrB
Something Else,0MpLB95CWqk4AjCDaYWZyX
KAIR,6L0yVn9adip9UXotq7tNGO
Jeeep,6mfZbbOsWS3ENCWDBjBU7j
Глаза Говорят Обратное,4JXqU6U7algAe7xyCMYr2Q
Néva,1jacD2J4hVbokYlxl9zKpR
молодёжьвыбираеткосмос,1XNzYOQDZ04u23FQufnYrT
Acid Drop King,35HqQOTfK31Hg6X0UoSSOa
Fly,19d9YPtEh0pQB5UcUzoiYT
Evalakh,0g6uijZNaOxF5ux8ntiIYU
ЕГОР ШИП,0Eu1T2eous06I1bM774jN1
SNEZHiK,127YqezbZ38eN48erFla0c
Sår,4lF5b7wxuA99POeFit8kaa
Даня Милохин,5E8WmPx3HcFqAA2PLVFk3R
$ B,5qxwWzkjL7zZQJBK4g6M24
Gofreeze,4d14EH9RAG1YsqACMBOMxG
El Nulevoe,2cTAi1UwmJW8V6Xl9H2OB8
Inna Syberia,2yRhX6xve2XAJ598zIwIOa
Cloudwire,6KOtdo1mPLTIKQVcZ9tevC
UROBOROS,3JD3XNWfrxOKVHbAApYHox
Sasha Virus,0NzZXlI23pGRhSsSpRLrQA
Анна Семенович,3DT7Hg7rFugAITZoVe9c0H
Nadya (RU),2yKXTFRRyaRXnUaYdvoroz
Aя,60IlJ69BWwTrHx0VS5jXhI
ask eternity,6lQs2TPrgAhxA1FdawI7MK
Afelia,2wcxYV1VyHCWRXm2pLHSdh
Mikhail Zemtsov,1jXlKpGuXeos4VITTjP6A3
Alexander Silakov,4LQqzjtOqUagLtZguyJR7x
NtrlTaste,4wjolyjXdb5DnDeRfK5tWm
Anastasia Latysheva,4SuIJAWzjU8CoqE1y40XZX
Academy of Russian Music,1a33Hkf6WpRhZ15CF7P59A
Ivan Nikiforchin,7nMQ0NxIPFnrAVxmKW19lR
163ONMYNECK,0ne2rg2JwZmIy7X1aVNq7y
Deep Crees,1ESkRt9Mdpmsp2ABdSic4m
Сергей Войтенко,06SHwlal2NOc5cwYVL2DBb
BLAGOiBLAGO,0GlI7lfBHUqXtT4U9Pbrh6
T9,3GthHcpI5G7c8XaJX2oWLd
Anastasia Yasko,1fK4v1TYv9viBDCd7uXiRN
Борис Феоктистов,3CnCGmsBX6P6n9EEiqD7DK
Survied,4PgqgYFlhYp9WWZbGeolq5
Roklum,7oxDihJwZqFTL0G1XQQlfr
Dmitry Glushkov,4zXAUaRXIbSQaFz9SpTXI6
Злата Булычева,3bW43gIuVSqUm0zlXh9hvk
Schwarztag,0hWD0aKrLIx1gLf7KqKL6u
По небу полуночи,4HIhliUNwpMr1NdfjappGh
Medchenko,1FEH0ME7160eb7MESRn4tV
Panama Vaiz,6DuaF2Ges1Echgbz7oRMHX
Владимир Кобекин,0Bc5HEtosu8emGWpPjyi7D
Daffy,5zEIBKFTSWVmzLcDiCUlZF
DJ Vodka,703856bfYHnRJmbovtrpf7
Follix,6lO8ZJ4hbb5OwgMI7ZXcTQ
Imperia,0OfiNuvdDEr3zKgSyUvla1
TELLY GRAVE,5piNOJiRuu0aC8BCISWN6e
Paul A.F,7uCaRZcp0A9A4eZqxzdciJ
Ай! яй! яй!,4RUyq4SiFpYDkK8s3qQenw
Senkino,4H8ADJPsVZNfW0HuQoe30s
Agunda,7iMSXDeyqD0QffnHHj3m3c
Sasha Darko,6IVLnmTUHNy2swArR0eMsq
Prince Oak Oakleyski,5j2R6kD0nQFgUnt0gqcW8y
FVCKN GUYS,0QJ9k3iN1taURepXa0T6nQ
Лисса,7JlgSWCSNCfzauyfa6Et1Q
Xten,5qeCRzlFpoT4ZEoVP31Ldg
CFNSLR,6aaG4F6gFh73OkbGtuj5Fu
Ришелье,4OcyPhRhlV631WDKvePqtr
MANSUROV,4pDiY2zHNnd58oyeMmWZoK
Darix,1N1WCKkDu2fTQXepZunvP8
malek,7zf8MsItZ8muGY2QMd9JeS
Luis de Poda,6uAtL1X2bLAu2ERU9YUqWQ
First Function,3GG2q92LgyCpasnRggwoP3
Данил Плужников,6RfwEMCrHyuNLQQiu7Fjbs
Angelina Danilova,313FEeikkN79O1VyiORCIs
Delta Omega,195hH1zvH5yxnXDc2c5uyL
TOPE2DIE,7DrucvtQLbZCis2ZErtQsr
CryMeAn,7c2rhSAc2CdMHhFKgudlpf
Reward For A Dead Man,0oXuVydHQsJ9rnfYJxYmQv
Наверное,3nvM3syIm7uO0DuYyurmI9
Cotherpus,0Qloxb1Dmor7Ge5jMhgdP6
Fantasy,7gSbVFJzAbRvB55JpfidFL
СТРИО,0MpaEVFOR3mmA2UQEI3SkF
Ivan Roudyk,6SRhgEtm2KUI7cK7oNDVdS
A Murmur,2ie0vjlWNeYdIDNZAVxEql
Deephno,0YR8rwCzbMGP0WJl2omnc3
Tiana,2S2Lry4QNdqGtLXPZUqhmW
osaili,7B3yAMaA3uqDRCJNGtVQFS
Айхо,01osgHZkT4RlCSbIjUM2Qb
isq,6JjQbtAO09K7qBEW2pdX5s
Ruslan Device,34vVovzzJV9XGnJQgpRiL5
Enina,1jUPTaRiy2sOdOhvIEUosG
DJ Aristocrat,68tMDBGO4WLNfYq5UueKvP
Jugend Nord,6wHNPCm7uHB5Gp1lPbrsdR
Игорь Власов,36qtSoGkQpBUYMgMrpMHN6
Elena Privalova,37cNYkwsbIhXVYeMEFODJj
Foner,3GjqY1Brv7LcCZJ7CDDp2A
Марина Девятова,5wMg5vjH9H3hMoyeWyU8lI
Шым,4izrO0NDuUwNm5LTPxi34l
German Tcakulov,1phU7RRjqIcOUThww9xmI3
HYPRESSION,440CkJeA4aZmro26BGCyt0
Ант,4dbbb8ftTfJaiPdcZmNIpo
Melody Note,36pgl9PAk44t7NO3F2eHBo
Алика Смехова,1QiF6Bc5zM5dCameAim7bd
Killaheadz,4JpPwngxwUNivKb2prrhNA
ножевые ранения,4mgnniyz5FyjFhw90z9DLy
Александр Маноцков,047UiIdCeIZcmeLKumCId6
Mental Affection,5VBSxv5bi68AIIbvyNLRWz
Keava,3uQk81UkRJPa42iSBZ0OZk
Драгни,62CiXsONQzA6LiU1eKLVoK
Casper,0sNsOp3U4sm7xriwCKyZHV
NEONBOY/NIGHT,6Pg0aCTSLnVqy6H2zh6Yby
Kreem,1oSw6pEDiEPrCHrdqAn81Q
Denis Airwave,4YYyo6aCoadM0ohPu5BhKb
Komax,04tgt4KlhIdLcUPV9fhLTI
Metox,3Q6zHOVCEzAUDvt1tWuCOQ
DXXDLY,6GKLaeqLSNmXOedBQQY9R7
Dmitry Ablogin,2hQGXrxAgBVRUYHfiNSfRK
PHOS/PHATE,5H4ndVJtIDnLjWIsBhnlnt
Hazzy,0NArypBMlJjemXme4PFKbU
Icy,1KMaSYHCeMCF2lbOBlnqqW
Progreg,2TEMBm8n533G57jchAQ6Er
Аня Pokrov,4oDeXiBBErQcEr3MuSJiVs
Хммм,3FfxDMg8F8nGo7QUg8JuAe
Grender Stadiz,04NMrgBVsrTg9UTKCPGEHF
gosha,0lxgl5KHgIA6w1WS6TDIAt
Martyn Playfrd,3pvvnaDFSfnYeD4bH8CFNi
MIRONOVA,3H1IKhvYxYZJRjk29HDyah
Zasseev Nazar,13taF4ZbLooF4RXy6HYtQ8
Фёдор Добронравов,5POoDtVSkgsEhRERR04xVn
Abramasi,1SSRNVJifUNOffp1uPEBqe
rapper sonah,4zda48COVvkytLsnSvFrHw
nightblure,6V3QtJZcRNJWDIT3efewjd
kerosene,3zx8HAEiax3wzI5FBgoQye
AnDy Darling,17lHzMGWPIhUW3ikEnoSb5
Overkore,4g5UIU1gP8mhTBVq7Hgihb
ploxo,69vC4frAUU9AkzcQRKk9tP
BLOODSET,5i5NobZIb8OxyvWuGQTkML
Ostapkin,3FxxqXXTG1t1fKBn5SDG6i
Jealous,2j7GDmfEcO2YNZwlqN2dxX
Aerophonics,4EVtsU1LzIUDV39U5Xfkzc
Stepanida Borisova,4VJj9JsT4FFANPcucilUbX
Emil Croff,1YWV0jzLNnYm7Swyml08Rl
Тандем,3C5qhpGCyFScC7dqMCJ7Bn
Хабиб,2YvmQRmm5L55WT6QUaXSXV
Раскольников,1kBmh7jQcRDfUQ0UsKXhT2
минута агонии,5EMBVteeltJTrQFqlKYPam
Daniil Skotnikov,6cYFsHThnKLm8WNrSGNNKg
dotálovo,52chT6j4szYQ9NFHw56WCk
Albatross,5uxOqEuMdDVh2Bfuiq1Hyy
Заги Бок,6Bets1sbE6OOtf9fKIqRWu
Junona Boys,7mX60wjE4yH6BQSqxukqap
Золотое Перо,6dY5aEf8LX7sC6XvTa5mI5
Игорь Худолей,3B2Ms2Lu80pSd5R2aXlhFG
Ямыч,0rfsFs67onab612mg2TrhH
Irena Medvedeva,087JnEl1QWgwcl7dhqulAR
О! МАРГО,3WL4EYfZ9U6PvllDVwkiLR
Skurt,22pxNl97I0ajhYUhIiP4yQ
Liza K.,3UcYzpWvfZMJNZHjYN70ez
промышленный проезд,5bf5G0cXQOiUYYX0Vw4i3N
Krestall / Kidd,1jyF1vtxqASnjWViOwkg3p
higanbanban,712nExKjGifcRMrqx2x8hE
Александр Ломинский,5kXXlSMcDFmy3uLRzw2ORW
Sasha Goodman,7xCW14MZxA1jwHBHYa02VZ
Arthur d'Amour,62RLnIvw5OTtSPzqPlcYWJ
SPLITZ,5aFQbkIU0gTeuy6hPhie7R
CTRL A,7eLRS530dAw8FQJzuG6SBo
Восточный Округ,4tS0YU2IuEm03xyKxsxeOm
Дмитрий Хрычёв,46cagVLaXIbIlceUFqi4kQ
Eldar Stuff,6Hn9cIA7EfR7r14ds7M282
Цокольный этаж БЗЧ,5rqDyUmm6sx5tQO9OyABlY
Boris Garlitsky,0hcyIVIPTR9OFt2PDaauLp
Chicago Seven,2UhG2Bw2hkHKV703YtQkpZ
Arina Minaeva,0z3447v0r9yxJhse0b5rey
Anastasia Bencic,2UUvkNkXPCoGwRAWYyu5YA
Anna Scherbakova,744eWy3kGfXGh9OjFb2378
Kseniia Kharitonova,1moRSUmyrj9Wna3AzCRD6X
APOLLOMUSICUS,1RZ0uOtXLPtkK1c7gZFAeE
СТЭПСИЛС,0KloRx37g9xsKff1sHRkQA
Abyssum,7f5CCrHsDmUOF8PqP9Y6pp
RITN,0hfGtzVZf4kw8Jr3DKDXR0
Кучера,0b6UYw4deRegyVgOIkW3Nm
YADDAY,4NolIk44SMRvKiFuHTUdU8
FURRY,5CMQInDjRt4VZH7uJG4g2B
iGerman,4hkHAVlTVsZxt1CwaKlNVk
Сын маминой подруги,4sG4AFptKMAf2lhVjMbxq7
qoob,4wFd49Ix8nQoDcalCICz6c
Ian Hopeless,2GzMeB5xsNU059KV5njVfX
KnownAim,2pQ9QBAAkx4dHF6VNs4irQ
Кобяков,74uzQiyXrVmyHyBkjQZOMR
quqluwood,1bX0iGKFFhbraghKlSJPfW
O.Cloque,1932zuBFhLMzEtQrDrsd5Y
DADASPARK,4JrXNHbi0OwHFsh3wkZktp
Viderpoll,6KcMu5C3EEeXhf35KG1jlp
Montesuma&Manula,7F8NbOw3b67ptiGF65haEj
ЭЛЭМ,5y7Ur6PtmtDegVpTOCD5xN
Suinsight,6oTR8yfETWAlbeS7LdY9G8
XNOVA,1uF0BoRqL6OnV50OsI2hZx
Playmax,32Ugqf67re9knvSZz9F1qd
Rock Privet,7Mm9mW8911WDGc9rLZWAMB
Антон Лаврентьев,6deyMHkoSfQtGGCdyVBZti
StiffEgg378,3gj6UGurWzFklgz5tB8pbe
